Mutation type,Trinucleotide,SBS96A,SBS96B,SBS96C,SBS96D,SBS96E,SBS96F,SBS96G,SBS96H,SBS96I,SBS96J,SBS96K,SBS96L,SBS96M,SBS96N,SBS96O,SBS96P,SBS96Q,SBS96R,SBS96S,SBS96T,SBS96U
C>A,ACA,9.92910087234122e-07,0.00151334609778132,7.76452188062981e-05,0.0464279668739213,0.00620772708599873,0.0247645184583962,0.0467257349938154,0.000496430643748776,0.000733665834850399,0.00102596339329921,0.0555088555067778,0.0068961723218672,0.013284233742379,0.0450200533944322,0.00502593487268314,0.00245721265790053,0.00240918112601218,3.56923411405642e-05,0.00103167366207344,0.00413839848200344,0.00176618640564044
C>A,ACC,0.000142782906761602,0.000276473109552171,0.000583419015983964,0.0367067220248282,0.0123673527687788,0.0238750493340194,0.0102323089400306,0.000406587444677031,5.97924755851409e-05,0.00181189971246067,0.0146439694147557,0.00367201203163604,0.00422473839612479,0.0474682461869816,0.000524905178081099,0.00150594765844289,0.00158149041802542,0.00070692756009521,0.000731508125609253,0.00120445507600975,0.00541238431324018
C>A,ACG,3.94259108434032e-05,5.90631963266924e-05,0.000194045677508257,0.0183333242218941,0.00233282756293193,0.000615972616433282,0.00294809737009928,4.72917567068005e-05,0.000121306491992073,0.000143550079919806,0.00081929327097051,0.00101552827796698,0.00120370618503164,0.0137066777304517,0.000259289004516177,0.000129684868973542,0.000213020601268362,0.000290916045534715,0.00012688927547444,0.000366070231942501,0.000502791638873713
C>A,ACT,0.000237609504220018,0.000492647618957563,0.00027143427162304,0.0354498700238764,0.00540859892731533,0.0151873795222491,0.0195842141285539,0.00710118762683123,8.17016289693129e-05,0.00128110619887593,0.0227796257659793,0.000958456812264753,0.00572164260004423,0.0213678861352416,0.00143456133373547,0.000208732859546233,0.00121391019960555,0.00387540216557682,0.000256485094779963,0.0050172155466862,0.00684762738179416
C>A,CCA,0.000539169973344542,0.00122245069327619,0.000106660617101513,0.107852406576276,0.000391047667289724,0.0286190437711775,0.016193242603913,3.25546842967258e-05,0.000200103432889591,6.44290297112766e-05,0.0878149693831801,0.00207575447911428,0.00391301358665652,0.00337434775465072,0.000308744469783528,3.2404927557721e-05,0.00208908938875913,0.0130478023923934,0.00115791185293347,0.00119530358365024,0.00439726181486777
C>A,CCC,9.19854625134215e-05,0.000991967498409802,0.000477332862091089,0.105130469724536,0.00104763295817606,0.030194900110364,0.00371531683278365,0.030012515168637,2.38204790775853e-05,0.00177027458208613,0.0154651229875162,0.00209154667916471,0.00395777877210674,0.00651116096764571,0.00266609164129477,0.00145041376759764,0.00289070248712208,0.00304771264782175,0.000463021646771963,0.006014202197548,0.00102420585709462
C>A,CCG,1.15168789829409e-06,0.000230273116071658,0,0.0325077296607196,0.00561986900866032,0.000400801470089612,7.18404888175428e-06,0.0037807071628049,2.66565508918859e-05,9.99028140709282e-05,0.0131993793323636,0.0013287882920747,0.00228190815757529,0.00565810607819003,0.00204503199202009,0.000263669729702087,0.000273793041524186,0.000265868028564,5.27924415294478e-10,0.000511651642882498,0.000264483682956745
C>A,CCT,4.18143868955667e-06,0.00139518069219776,0.000587676969589666,0.0932401566207409,0,0.00757089351303875,0.00718629386453336,0.0933434969186783,3.7591133668613e-06,7.26042784890524e-05,0.0312954477304324,0,0.000322355882381092,0.0331419816208393,0.0143693052697927,8.98430267670314e-05,0.00104889988860133,0,8.92396919116578e-08,0.00291743638183107,0.0011456267843601
C>A,GCA,0,0.000392537156112667,0.000238329907733714,0.0225674556620652,0.0120417442824692,0.00426844914094545,0.0100338330836211,0.000459579698931359,0.00124929751735181,0.00100659651820025,0.139475762546062,0.00212217689926732,0.00309946068149898,0.0603795585196635,0.000255660220570066,0.00250219924084377,0.0036606625164859,0.0002246080463786,0.000379849933306105,0.0024946163714155,0.00775383550141665
C>A,GCC,0.000256349658775434,2.48744758209796e-06,9.20483873431561e-05,0.034448248243425,0.00793357927672332,0.0104198336566333,0.00448702233077071,0.00468474769266322,5.73413678921497e-06,0.000753009320852681,0.0130048399232328,0.0044064667326113,0.00229971983694744,0.0916768477446749,0.000199427330982389,0.00097392944880994,0.00130811601564381,8.78976357498119e-05,0.000287980930916092,0.00505610130137476,0.00302375826852545
C>A,GCG,2.49685225388517e-05,1.08113217720529e-07,7.58591266630115e-05,0.0181936787348241,0.00325413946877234,0,0.00162077600172342,0.000375452711850812,7.55856669729837e-05,0.000876959291490493,0.00776251127477735,0.00147832730493974,0.00169812645803689,0.0145006379895862,8.75235137856405e-06,0.00019483966263775,0.000291317865647763,2.11792669938404e-05,5.95845361648983e-05,0.000239832631177706,0.00165156736085919
C>A,GCT,7.20708386759095e-08,0,0,0.0127716759105815,0.00419136397582523,0.0101618614327163,0.00522744290716895,0.0113699700962752,0.000419281474933086,8.95435319036431e-05,0.0778680722415447,0.00265640610040958,0.00242283397294261,0.0602388609817717,0.00025638195847223,9.01108629392867e-06,0.00234961343056057,0.00016991068730534,0.000242528951327741,0.000501332103375993,0.00585240512125981
C>A,TCA,0.000178042664748883,0.00228324473835528,0.000789576063538,0.0433131446503103,0.0010714609916012,0.00241787562017976,0.0440052088722587,0.00127193072519731,1.04650043977017e-05,1.22060567082372e-05,0.0884883233159781,0.00142688772444021,0.00381733747883565,0.0129792869721713,0.00219092776882462,0.000192788901572661,0.0039122948542355,0.00987086371518672,0.0776876097172499,0.00265426911937715,0.00847263686606565
C>A,TCC,0.00039481311920099,0.00335344237042591,0.000192166447260967,0.0532463061902672,0.00793345468118787,0.0177727577462792,0.0275303403660655,0.00229479384259321,0.00020265133759697,0.00290213540778495,0.0491601330786943,0.00198053207889664,0.00172962926269407,0.027689400973191,0.0145511183328927,0.000691852400194648,0.0012179746549009,0.00781001730356365,0.0318649460934103,0.00114543549496684,0.00147862582260603
C>A,TCG,1.40871346155791e-05,0.000159974586131284,1.51292787772e-05,0.0121540121268481,0.0033614835771732,0.000133465566668753,0.00324847055715509,2.91249423754452e-06,1.2527382953067e-05,0.00037996719169314,0.014921633368358,2.79959274902398e-05,0.00219658536861971,0.0105539275572664,5.06167239791466e-06,6.96152334515852e-05,0.000369366331060519,0.000153244626333162,0.0112429504655302,0.000347431846367751,4.33747742308675e-05
C>A,TCT,0.000357320308646497,0.000722641562707109,0.00123524559952784,0.0388324604928494,0.0126523521635681,0.0049205739447807,0.0303207342233509,0.0186667076963931,0.0027127775491681,0.000809337217547183,0.161900659352541,0.00066169959820267,0.00579293850677905,0.00378682524566262,0.00391277850372717,0.000618533019809052,0.00413073869421337,0.000951278681168333,0.0348777031712234,0.00815259155351388,0.00790471402090521
C>G,ACA,0.000108758763690275,0,0.000128334053306552,0.00743930793832988,0.0179803750663996,0.0322942422702909,0.0119857962336391,0.00405082853045315,0.000256729807733792,0.00252170117339119,0.000719086411425565,0.0031025648128707,0.00395478133184164,0.0053314748597768,0.000281234942303854,0.000689796352671692,0.00658753901843738,0.00144089494016953,0.00324239040957764,0.00388025325092629,0.0025809941665284
C>G,ACC,1.27114076417005e-05,1.03301033071425e-06,0.000141569784123021,0.002414517684374,0.00837564693298191,0.0196698635444045,0.011038822690025,0.0013619703555014,9.11796258475343e-05,0.000607559425882087,0.00338994737481698,0.00208153851577028,0.00110493942261527,0.00472057111774701,0.000200829247657741,0.000530511398646922,0.00502246583091619,0.0026539193559438,0.000826987051405013,0.000757236226563691,0.00118357748254311
C>G,ACG,7.26751053548469e-06,0.000618926083552651,8.00141406216426e-07,0.00131369499818902,0.00228819248091895,0,0.00476354685844854,0.000417950580376782,5.61190378425636e-05,4.19269315898418e-06,0.00220574287232012,0.000396164749327001,0.00202928686298037,0.00128321479955048,0.00017013764119838,0.000448472028801975,0.00139485162560696,0.000669454004091676,0.000283547086582985,4.65926844481146e-05,0.000381965588617346
C>G,ACT,4.70489393526915e-05,4.61332819561107e-05,0.000303364348529334,0.00315729589085095,0.0139388792775571,0.0270784980617464,0.0210124578513205,0.00461632239166647,0.000116902207804562,0.00147052236570744,0.00519822111353278,0.00145164096601736,0.00931054877131828,0.00467805405360642,0.00180860370630398,0.000374376296495029,0.00776709153487382,0.00375234727514908,0.00402522804448381,0.00230936392050353,0.00199913798798667
C>G,CCA,1.08492921025327e-06,0.000398666347609833,1.43803049170255e-05,0.00959694764809683,0.0099002910265699,0.0320293508470058,0.00133932175544105,0.000798412752083095,0.000126992589040356,0.000340103711753706,0,0.00140724892924463,0.00594911016436305,0.00472975875434282,6.25011889496818e-07,0.000768449013048667,0.0028020911391377,0.00146990008128341,0.00613773559220135,0.00211665155788075,0.000189937526010908
C>G,CCC,1.51910871070982e-05,0.0010209249635227,0.000302907142496035,0.00791428847704083,0.0149606477189809,0.0223848326504231,0.00997610854916275,0.00114935130084632,8.37860468436777e-05,0.000559203765108724,0.00269851586781442,0.00196962675754618,0.00845746178310947,0.00755367091245716,0.00185696144355461,2.60523790309651e-05,0.00169181025942948,0.000462342203791195,0.000405145743564961,0.00318684709964164,9.01127780414246e-05
C>G,CCG,2.73938545569763e-05,0.000618448856694158,0.00022351329914895,0.00393411135533825,0.00464593513170257,0.00177582436706871,0.0017898354906356,0.000130296413748852,0,0.000322468711215252,0.0045843953336589,0.00088364586159301,0.0028429632828864,0.00033973366349621,0.000304259036456642,0.000445706428290578,0.000307563163465412,0.00145052971085534,2.26187538169001e-05,0.00168407937042048,7.68067624252843e-05
C>G,CCT,5.26649424364223e-05,0.000710812974721193,3.39529159666422e-05,0.00686783220618963,0.01166703119874,0.0360025317594409,0.0157234610803425,0.00119265907487716,4.5983763785955e-05,0.000119412453092763,0.00338862659293227,0.00466522837523371,0.00571768026027712,0.00972823704033345,0.00445553803816438,1.56055630585204e-05,0.00534245134069352,0.000520606442660212,0.00665930522140116,0.000835293310525525,0.00192075407273286
C>G,GCA,2.36303469046106e-05,6.03908980792767e-06,4.42224131366533e-05,0.0060637782746926,0.00663115956820548,0.020740578584373,0.000736340231090946,0.000611982845584862,3.42320793416206e-05,0.00013422562780378,0.000410725139132143,0.000584956668465181,0.0030542644529497,0.00568985946574685,0.000112228585962715,0.00106007594440598,0.00191281254326443,0.000360980977420695,0.00137152732699178,0.00229551872995216,0.000549258066552927
C>G,GCC,5.04760839703522e-07,0.000297813203724218,0.000126954613649559,0.0068634650669992,0.00645280561409891,0.0137159570958465,0.00480082395020872,0.00205932240700349,2.3521269018687e-05,0.000641621149334242,0.000596592602414603,0.00142591305390854,0.0047302932434132,0.00508261666831735,0.000587917203083634,0.00140482326096389,0.00350821901038842,0.000103183625116382,0.00040404354713246,0.00366500918113161,0.00163791130966274
C>G,GCG,9.90042924432423e-06,0.000387602417031303,1.40937908003003e-05,0.00429793147486635,0.00258827778976411,0.00365824682638049,0.000509605897314032,0.000197328267860258,2.17546363649035e-05,0.000321343257173524,0.000388304569329167,0.000140005717761197,0.000841829864862063,0.000734311788097245,0.000148230749055074,8.45949099129939e-05,0.000171751963589486,0.000577666314202361,0.000185428524864619,0.000377998416897754,0.000277822173684399
C>G,GCT,6.91517207656034e-07,0.000278125982731581,0.000125849373096782,0.00271712344954722,0.00993870948441327,0.0238221216201782,0.00303967831539921,0.00219045971985906,1.12729526372091e-06,0.000282599406823256,0.000746697500344453,0.00196102741312643,0.00698390200960002,0.00537072866705296,0.00106420662021264,0.000642294140561717,0.00448508075060106,0.00105537103489041,0.00273622346809134,0.0028414651134517,0.000658594273154449
C>G,TCA,0,2.52313370130582e-05,5.08428212924628e-05,0.0013087180586199,0.00466291944684312,0.0141750360606238,0.000384018821309311,0.0014558998480893,0.000144512698928294,5.04550850928937e-05,0.00104927304222663,0.00124371576886444,0.00583850540950594,0.0195143434403826,0.00164727550141834,0.00303778348370088,0.0168605674219694,0.00380130663048476,0.298977270275354,0.00547589633846656,0.00131523315503728
C>G,TCC,2.94250701520469e-23,0.00151372902095318,2.8791505169397e-05,0.00582870512967929,0.00747616331093013,0.0310399036854506,0.0139747950527817,0.001213893124077,4.42627826317392e-06,0.000242888547320486,0.0039146698708646,0.0034720520285191,0.00255519752189303,0.00655348739601511,0.00403646844439209,0.000686000199720778,0.0150315365818096,0.000226033339954483,0.0653084515035152,0.00108109136875473,0.00203827475867001
C>G,TCG,0,0.000232714165904326,3.96543182750975e-05,0.00249366604548413,0.00317406438756734,6.10204914598771e-05,0.00243632557801902,0.00026627590973817,3.31235585917966e-05,5.34709462593243e-05,0.00113652784260921,0.00104249009134946,0.000487456543176898,0.00081409206150617,0,0.000391210207308177,0.00133117719296024,0.00104867722431663,0.0141943508852273,4.53624018700793e-05,5.97905179290592e-05
C>G,TCT,0.000507186389004346,2.40172596933409e-05,2.42383121076273e-07,0.000935869063135394,0.000255839072632438,0.0275595362856984,0.0118958495371634,0.00300119391788202,0.00145240693964297,0.00253091274993494,0.000358280614346562,0.00718675948419033,0.0178647921979917,0.00350850693674663,0.0125852045882493,0.000505524280953395,0.0484380693221465,4.92498074891046e-06,0.39166921377182,0.00334886014729368,0.0020432447908626
C>T,ACA,1.64263287666237e-05,0.000360518115605828,0.000596815853301885,0.0103572127781808,0.0694914104416966,0.012064253622666,0.0286169528588653,0.0894803212583065,0.00147542475082446,0.0241809250880033,0.00687096811830998,0.0127326087001711,0.0153538261832738,0.00320917079749052,0.00162004703772254,0.00233073732000776,0.0115998130169464,0.00373128657811321,0.00743459266144782,0.00699543477850966,0.00696426552836783
C>T,ACC,0.022389196716249,0.0387097508460283,0.00112700643956487,0.00346620910684578,0.0297711137868464,0.0159021533560008,0.0137856850307435,0.0204135575518012,8.2969725083986e-05,0.00553496406413615,0.00299090286251158,0.00375959942727604,0.0159178705015802,0.0100106208666693,0.00921019855421036,0.00245306866476312,0.00326597518782364,0.00513263765576994,0.00014208813490086,0.000785076409996601,0.00274994305189466
C>T,ACG,2.42183789850969e-06,0.000552626954841903,7.35044807163445e-06,0.00157754702374305,2.85971480728899e-05,0.00803156354681607,0.00469029156018842,0.0019326389079784,0.00526681316551026,0.432015529572964,0.00225730381676364,0.000122947196458386,0.0249120464074473,0.0172244426867579,0.000268244486276856,0.000443293106239203,0.00664971828068924,0.00111057461359472,0.0009441334719304,0.0027307642460653,0.00041340583096126
C>T,ACT,0.00918778182007372,0.0113825961574912,0.00253573677910026,0.0029480168891314,0.0497007796168327,0.0133822628483176,0.0242743516154587,0.0264650026708841,0.00070875341509236,0.00920980526483618,0.00767929889028892,0.00249086069043583,0.00879374036417554,0.0108607577737638,0.00789367279503495,0.00104358334072778,0.00826806276611123,0.0281106404587626,0.000300565621000743,0.00065198451832177,0.00759924533311278
C>T,CCA,0.0606420546770096,0.12156670242548,0.000263762662160047,0.0147666446450706,0.0171737765707076,0.0171131263580173,0.0273302580229938,0.0033675964048598,0.000433640651029998,0.00375910169794224,0.00707924389280379,0.00965132267214358,0.00445167284562646,0.00592259846233995,0.00510785690392368,0.00153057184041245,0.00494986399979383,0.0482417119294405,1.06410247462918e-05,0.00190873873397197,0.00514525920385495
C>T,CCC,0.0577898426912725,0.217438911646605,0,0.0114429917000234,0.00887630991928053,0.0194578422979788,0.0156551931262703,0.00611882041790523,0.000143978930110959,0.00024615244454656,0.00218809464428363,0.0104664237634765,0.00293356698929773,0.0110931040733133,0.00628057090914808,0.00183550571557134,0.00289114682087716,0.000864842208374746,5.48878753636674e-05,0.00863034903770313,0.000747979092769265
C>T,CCG,0.00634749127202667,0.0240237194672227,0.00300764947431162,0.00326864905659491,0.0340132416412234,0.0038842902937904,0.00271860962908249,0.00856590838637203,0.00620299942907877,0.168279224578291,0.0104481850963202,0.00124056925092554,0.0433993715984171,0.0277726887574005,0.00975566738285124,0.00188997828494305,0.0167850050397373,0.00608282298082486,0.00176950911438325,0.00409497356738147,0.0119833249831572
C>T,CCT,0.0672381780669093,0.146446181535721,0.000452556608444772,0.020123698413372,0.0140145518409554,0.0285534306429327,0.021861953670159,0.0077231606002897,0.000204955827393199,0.000685458302555207,0.00211581295502312,0.004599350733375,0.033292932570912,0.00283513355977392,0.0280808303691447,0.00213345554308034,0.00611390330219975,0.0103068664961029,0.000635933764078995,0.00676455826032907,0.00224020512465782
C>T,GCA,0.000112058549657377,5.17049366702916e-05,3.27376459922328e-05,0.00215417507532322,0.0340446735359728,0.0202684554643929,0.0120767565304413,0.0886677141487598,0.000225939983079115,0.00412113514379598,0.00700168458279222,0.00703877916559577,0.0150192043526476,0.0144617690960604,0.000161049019994479,0.00238086642697454,0.00560584435526835,0.000936975373988389,0.00738303432008252,0.00260105110478407,0.00615688605001196
C>T,GCC,0.01319223201368,0.0286834361962974,0.00126047241094057,0.00404691846575588,0.0408559862524271,0.0142140045855194,0.0082675058132736,0.0753812155127525,7.17428588866964e-05,0.000215910237649442,0.00506482652388513,0.00481896712502934,0.0149348560103681,0.00255330330133882,0.00053011077549618,1.53554411761058e-05,0.00797087838524021,0.00285942071408499,0.000104881114867705,0.0019640134251964,0.00478737145778723
C>T,GCG,1.26592567085027e-06,0,2.74691465165233e-07,0.000130579955653848,0.0144941214487807,3.66956685329811e-36,0,0.0562375744059682,0.00664729968749788,0.182653608489303,0.012074404839077,0.00167845998037095,0.051214746322082,0.0334484173318954,0,0.00146629384849796,0.0276825803797692,2.21074474392955e-05,0.00146969031531783,6.00117157061869e-05,0.002757581275946
C>T,GCT,0.0234830000624061,0.00386409577892493,0.000240309747215439,0.0025326028618364,0.0301018604263663,0.00941149946302176,0.0151164280902594,0.0676855401694775,6.53139273708803e-06,0.00054049557846126,0.00309301385878825,0.00277453278534585,0.0139760996753466,0.00804089433164336,0.00139964110901929,0.000840550294669811,0.00623031729093782,0.0403809912130237,0.00169129277143098,0.0032857677463949,0.00296243435823271
C>T,TCA,0.13030418695066,1.88413357802073e-20,0.60296194434166,0.00264390134640345,0.00103738658933691,0.000252075472399427,0.0434614103312728,0.00355264194084959,4.53603822794601e-05,0.00198984847964743,0.00743582948405511,0.00688047097913929,0.00161898511229195,0.0050026762794797,0.0182572351342963,0.000228404285215701,0.00947296171950505,0.000112518083400083,0.00201982716864853,0.00285044929250106,0.00175808136803294
C>T,TCC,0.462904105484486,0.158673195876181,0.0664080289683869,0.00696235048526433,1.47880049760246e-12,0.00263802615927512,0.01995631481288,0.000487946106203044,6.44722768705795e-05,4.78510007246286e-05,6.113515240228e-05,7.19419267750738e-05,0.00026643675872031,0.0136492622303183,0.0144063176005167,6.12869570917294e-05,0.0253156885507718,0.0870999506209046,0.00230466726650024,1.19451608043164e-05,2.77011312512183e-05
C>T,TCG,0.092622392505639,0.0540256873518238,0.0447953830657207,0,0.0235226220241748,1.36041874065995e-05,0,0.000135279680670955,0.00334362669032998,0.0860430128777171,0.00888459765354339,0.000753532827855542,0.0444562580729217,0.0199597444922328,0,0.000478776793962575,0.00683339038027108,0.0087660644797729,0.00076451363047067,6.27851679747368e-05,0.00207834824956423
C>T,TCT,0.0296250832633735,0.106374323498243,0.258897315318955,0.00641871339248088,0.00588252472112694,0.00191203329077947,0.0257807097870672,0.00310705095105435,0.000446674364457303,4.1025397658192e-05,5.81768769634362e-05,0.0116394754423413,0.00760877417172221,0.0535333743704593,0.000169487581507107,0.00117987078798649,0.0929634277950091,0.0382411451490959,0.00243494347437899,0.00135471827778893,0.00117219681554789
T>A,ATA,0.00255702466820367,0.0021466156328097,0.000154930451468887,0.00347752749221399,0.00868506453931332,0.000276254398517031,0.0111165049625561,0.00521215953864157,2.48318836980134e-05,0.000825456133770786,0.000966413857590234,0.00617194853257388,0.010336113662197,0.00236084663515572,0.0128239866252989,0.00102338924945798,0.00622865725697034,0.000410830159009863,1.54140903759981e-05,0.0573453634604812,0.0013873410965607
T>A,ATC,0.000526527388719842,0.000336618987163555,0.000980221747395262,0.00352636503361012,0.0111172308865935,0.00939090055413544,0.0039036068180576,0.00244039742858149,0.000230700710944802,0.00315142060775543,0.000483506317550388,0.00630057682283223,0.00669670460629277,0.00169254570887609,0.0027322774915956,0.000631515064300601,0.00497936704428867,0.00165398516168352,0.000279429772090225,0.00792206916026771,0.000579082315853182
T>A,ATG,0.000706227690970991,0.00150009205797687,3.25037076604522e-05,0.00790419689379632,0.0152167422603816,0.00913812249433249,0.00858912590425462,0.00132895514805568,9.92487788636964e-05,0.00140739167974971,0.00113756383500004,0.00335934755916242,0.011458693248278,0.00598450995956739,0.00014765697295843,0.000154857986690838,0.00116236803480907,0.00319375554798171,0.00101519859512337,0.0518344759941101,0.00184487664781045
T>A,ATT,0.00415589746786281,0.0090587996179238,2.43565571941691e-05,0.0047154952515848,0.000261151622248739,0.00113472985400622,0.0108404102921486,0.0297662669606507,0.000757421130838338,2.08703776780861e-05,0.00454862362472341,0.000624784929641625,0.00112837345536851,0.000594389312820179,0.0539858738332987,0.00102147987410717,0.0746968051153226,0.0328092276677489,0.000842728331917897,5.44603554590141e-05,0.0103141708759002
T>A,CTA,0.000179595003000941,0.000642302470514551,0.000177814781047389,0.000532543838113659,0.0021295527171712,0.000807696496787353,0,0.000579296212970501,2.78301179037963e-05,0.000136089325178546,3.83114366566452e-05,0.00113585357307133,0.00405517538165441,0.00324101305955993,0.00330847322009504,0.000120229097335199,0.00112753130458858,0.00191941860015504,0.000150463742794322,0.11299410328269,6.76256425140309e-05
T>A,CTC,8.90149156643054e-06,0.00076869042502949,0.00045199296589999,0.00355484394938685,0.00201779242255725,0.0175339080672711,0.0046148949675262,0.0030725338915363,0.00180349329268211,8.39963014463017e-05,0.00227738907560706,0.00404283825773746,0.00356913351541152,0.00450588769825117,0.015392002183944,0.0386277928389609,0.00167364839945094,1.2513951182882e-05,0.000233075861097625,0.0709519871324301,0.00221693417769623
T>A,CTG,5.28396121179813e-05,0.0004163960981532,0.000209514822637981,0.0150328471604735,0.00183156651943537,0.0011957721549288,0.003031352852704,0.00121628259234058,0.000356634941981611,0.000574232942224847,0.00104456350467957,0.00265299569058698,0.00152772225769089,0.00193317859098049,0.000127704725133224,0.0113472364284098,0.00141615510563332,0.00179010509746149,0.000415914553304901,0.18142445743084,0.00102726639346656
T>A,CTT,0.000343656582408585,9.52153823163826e-08,0.000252268584881698,0.00508495551825035,1.06749795973493e-37,0.00823289418593049,0.00850107428617775,1.84149166323432e-05,0.0072094274382107,2.65183426381554e-05,0.00111837148180639,8.15463601611555e-06,0.00137296510270056,0.00933987585391151,0.0496669223159552,0.0725879392400384,0.00267309900877536,5.51047909539193e-06,0.000495166786131449,0.0629580877348781,0.000747356476177114
T>A,GTA,0.000449217321584001,0.000336137666708964,0.000345693327359982,0.005733902156353,0.00499189368449152,0.00687173634767532,0.00135127883113455,0.00173845209414139,0.00015317570498155,3.37427402254775e-05,0.00119727227225667,0.00210327738022897,0.0013353653332525,0.00172772190103826,0.00153537699428853,9.25903242811899e-05,0.00248800112600293,7.59122121962719e-07,2.41942168521803e-10,0.0390075619891286,0.000694149915671005
T>A,GTC,0.00026710564881796,9.679106694648e-05,0.00015784015955776,0.00230128791142861,0.0037553403316997,0.0107009519636631,0.00184769586951006,0.0026629176014103,0.000312747604621109,7.31120355671462e-05,0.0021337534673512,0.00173947529518045,0.000501448372970107,0.00277347789087798,0.00256671702722088,0.00294613940408453,0.0024087040261295,0.000215230898779737,0.000199494392644368,0.0111540751997381,0.000190474252384796
T>A,GTG,0.000249813429036294,0.000516957121435553,0.000202224088532537,0.0138510132580996,0.00336847833590582,0.0156005903892219,0.000798659193527622,0.00288298788946122,0.000206109361815834,0.000122221933021086,0.00109743805573089,0.00204288641514117,0.00489270022609162,0.00195111672286226,3.79912721676133e-06,0.000582029114448233,0.00121228689160749,0.00121058030810673,6.30064088995397e-05,0.0269502146542072,0.000631318160303636
T>A,GTT,0.000333906080704764,8.51136726197446e-05,0.000126283629629729,0.00541346489917487,0.00225567816840942,0.0170369279291481,0.00210026786429808,0.00340173262637109,0.00159720000810921,0.000289533800032586,0.00320624975720421,0.000599054064651217,0.00132737482565336,0.00171742687043524,0.0215805846266449,0.00492696036119014,0.00225489889126038,0.00765369414817542,0.000582009469944751,0.0075783147290349,0.000993164505002824
T>A,TTA,0.00015989013117176,0.00233619749662466,1.03440864586446e-05,0.00212153007712914,0.00274333861831325,8.85392543661823e-06,0.00729027255671099,0.00573986120987684,0.00133328100462677,0.00715776726196054,0.0106277649197727,0.000949105359788828,0.00196395964177445,0.00139631705805482,0.0175079871155322,0.000443330871508603,0.0877471712500712,0.0139649593550712,0.000382562105269248,0.056397121399641,0.0157003040200789
T>A,TTC,0.000195217847617855,0.00225121729774401,0.000260895794435783,0.00119202178539126,0.00013599767096969,0.0108947563916445,0.0146434928756207,8.70973308337852e-07,0.000256849944162241,0.00013366370066139,0.00206585580133833,0.00701375279109925,0.00151922980964015,0.000986086938723279,0.0362156056240201,0.00554233498405665,0.0124562175275059,0.000852368486230262,0.000523917326863739,0.023905490282923,0.00311988906454644
T>A,TTG,0,0.00148661718238145,0,0.00671443251427263,0.00673732866533101,0.00359706122777425,0.00671138638164848,0.000520714687700092,1.22527081896351e-05,0.000221487979164657,0.00082938986609733,0.00273704801918939,0.00164626432705412,0.000387756205406355,0.0127115344721824,0.00148685401116381,0.0102084059035406,0.00453024680027738,3.82597227492904e-05,0.0416003304719925,0.00171320500030561
T>A,TTT,0.000300185084452561,1.2981609615963e-05,0.00116684372230204,0.00238711514577682,0.0017227506051294,0.000581756485838656,0.022973970239982,0.0118701461050659,0.00146880762833462,0.00225776547969657,0.0016749329036993,0.00527618865109149,0.000780368628850295,0.00502400518260702,0.273998869359493,0.00259992346218041,0.0153795330684629,0.0262005738727748,6.80616866748122e-05,0.0208944530133158,0.0030357874119754
T>C,ATA,0.000290220798603316,0.000394605967377152,0.000633593909572636,0.00555230893172848,0.031525205252189,0.0113361211962324,0.0207683305303102,0.0240567598678172,0.00013353933900305,0.00281994323578518,4.10288457823646e-05,0.0496540436605851,0.218410821867166,0.00781896984642452,0.000601266954853958,0.000293322685517573,0.0138533561641805,0.00384638734058774,0.00170473891958075,0.0277025804948062,0.000115455252489483
T>C,ATC,2.55092801229131e-05,0.000252454702076648,0.000642324361469946,9.29657177040966e-06,0.0120610038377345,0.00597039017826319,0.0108571419352666,0.00385464507271536,0.000150197427537933,0.00413896407932043,0.00236769498093054,0.0475818563625217,0.00934158978408959,0.00304892659314759,0.00049984189377895,0.0119228082615882,0.00325675444101307,0.00448516145115718,0.000348344634458044,0.00233466618927196,0.000432282195341109
T>C,ATG,7.49491772690111e-06,0.000929263927682769,0.000580293826303269,0.00435576725052786,0.0580599436536431,0.00551923177896341,0.023451534518972,0.0339559821784496,1.37573468327973e-05,0.00119751465801496,0.00181695799075009,0.080618332400918,0.0377986842283281,0.0135233523295639,0.000442916765863252,0.000761054879412768,0.00478274432236503,0.00941052983514965,0.000397227093890251,0.00603307168697938,0.000390177803940685
T>C,ATT,0.00069900260961731,0.00155424505341216,0.000379209833408012,0.00033736991211672,0.0432853088527918,0.0174234638456255,0.0235677411686629,0.0012252334638519,0.000302128472550237,0.00706330286804587,0.00447153960820287,0.0559683215245605,0.0930656200672126,0.0148254125259383,0.0019920504371715,0.00915703258477151,0.0155446682299953,0.0479881574958563,0.00182324072462507,0.00045724091362069,0.00379722725600004
T>C,CTA,0.000455228013734761,0.0012540273135528,0.000231538880221837,0.00544372888427461,0.0102350174961612,0.00627138324547559,0.0173469770047814,0.0143378811329603,0.00038473503766034,0.000503772234878177,1.55476425099156e-05,0.0476790925487876,0.00794554599749972,0.000947953492554653,0.00710853041615337,0.0110889071412385,0.00772240217978833,0.00916763375978917,0.000222032130260734,0.00532458030618727,0.00209994755452499
T>C,CTC,0.000232367853386677,0.000608673010574421,5.1064486714032e-05,0.00170460063352948,0.00337241395818224,0.0112772402423434,0.00687247671296973,0.00184828033601282,0.00209465414191738,0.00337107391835973,0.00306992100027856,0.0364843292534351,0.00551440169930125,0.00422466161670039,0.00161914126158758,0.173108911886811,0.0101918778900256,3.20526464809983e-05,2.37930349099699e-05,0.00195302413003947,0.00502421058906416
T>C,CTG,0,0.00017459626499978,0.000301838658448158,0.0046112264603471,0.0283483259752393,0.00391570317107835,0.0103405360598117,0.0341483313031495,0.00188370495117852,0.000557709751499563,3.73446040742564e-44,0.0384939924255013,0.0164853027128811,0.0147000760931951,0.00138554325507528,0.0933750502765179,0.00626282325868708,0.00164662361727096,0.000104276856677195,0.00380789390706923,0.0025601806732044
T>C,CTT,0.00179356749751605,0.00730516511946917,3.41940793820872e-05,0.000686121827518508,0.00734116360947037,0.000856575442721035,0.00191116490225719,0.00353584690543408,0.00879846008261666,3.00434696021422e-05,0.00501863750262771,0.0182875578698241,0.0177959507575724,0.00878231767786958,0.0300964916683733,0.418562208116055,0.00988290547170341,0.0318493532761931,0.000122620617792384,0.00110631253963799,0.00619071214126739
T>C,GTA,5.71563342207585e-05,6.17301234880704e-05,0.000170340734925962,0.00237961629172787,0.00678929756821601,0.00696774505922439,0.00421661765198223,0.0256055603735149,6.81359135569437e-06,0.00100590395978654,0.000124055307824597,0.0737351851537824,0.00401839298120752,0.0061604118697385,3.38489044224843e-07,0.000157991889324291,0.00261547453002852,0.000913369705813238,0.000156635276525776,0.00436506760655902,0.00100928567357187
T>C,GTC,9.37599120811683e-05,9.60967664946552e-37,5.94450612857812e-05,0.000201827915253269,0.00721169780474156,0.0053036506799981,0.00471705108880997,0.00114117661717075,0.000925851283536758,0.00217411438767167,0.00236094600928482,0.0293999586068094,0.00433581904284026,0.00636336199881043,0.000126262338599191,0.0140411103609949,0.00387949593037774,0.00195725516416132,0.000250097078629779,0.00329116217268165,0.00079318129886847
T>C,GTG,2.31993259466358e-05,0.000404597155138617,5.80177424666846e-05,0.00130616878397914,0.0177277434058487,0.0104874667851254,0.0016906332961912,0.019216190725565,0.00121418542286847,0.00205664720153436,0.00470195336267352,0.0453870533779264,0.00775060525617224,0.00873789955100009,0.000269360601026547,0.00358222996350378,0.00318156944164912,0.00246086807688698,0.000210206241736159,0.00311271770304302,0.0011936818837421
T>C,GTT,0.000398918072036791,0.00624443721036337,0.000232576037465807,5.3982899473807e-05,0.00507933929421911,0.0023469429504203,0.00295020101642703,0.00135890214974082,0.000617044214377529,9.51869342367738e-05,0.00169929414114453,0.0337169202324003,0.0050514833922272,0.00291151077176463,0.00595379830803722,0.00432127947615594,0.00108601135448301,0.273024923354387,3.02781735683766e-09,0.00228264544191243,0.00336041149711671
T>C,TTA,0.00224349501077086,0.00537959207547829,0.000620845087951238,0.000847214939831087,0.0055881307141622,0.0098055559839122,0.00318033848083775,0.0201122348662466,0.000885618167776556,0.000105644762276763,0.000243042876354703,0.0794872259348631,0.00646879787452287,0.00377301263433595,0.0320726026967168,0.000791006552185678,0.055191842661543,0.066515885591507,6.77739584174608e-06,0.0070820229803212,0.00685484085755888
T>C,TTC,0.000629881628265139,0.00160347133409232,7.44061399018392e-07,0,0.0018108212131633,0.00679362178314477,0.0062599608534947,0.0104517356492579,0.00103744363994338,0.00477571544644889,0.0053728125221096,0.0451134097576141,0.00522250962376722,0.00145809111657539,0.0237974669598043,0.0142365243006498,0.0221507424756881,0.0119644324947149,9.88316260629778e-05,0,0.00420458781241905
T>C,TTG,2.5810567654941e-05,0.00383882068330422,7.80555283790818e-05,0.00129481185176701,0.0122377583663911,0.00360756410722388,0.0038943962007761,0.0176375205814838,0.00116860931215342,0.000375181529457471,0.00293133534956723,0.0395813568681479,0.00680483177071438,0.000721221663539781,0.0133089900203049,0.00186662788153626,0.0239459808391257,0.0211566193029284,3.65593690403306e-06,0.00382897722942289,0.00389609681675211
T>C,TTT,0.000816271813036799,0.00332189189502969,0.000342782563411987,9.0040254700053e-05,0.0160006348975003,0.00757467830204405,6.67126468479191e-37,0.031792377717793,0.000638029810706939,0.00471027318853885,0.000758850073009152,0.0606634078919888,0.00453782996751231,0.003359992649413,0.0891686663776636,0.0194440386816859,0.0403788692480885,0.0333107399754226,0.000491612743494443,0.000548881208152767,0.00348973984178429
T>G,ATA,0.00041583457190427,6.61742783222517e-06,0.000581026275540353,0.00077655865749404,0.0033775088947732,0.00463776708114892,0.0130476920492947,0.000342140186567121,0.00132582184160128,3.62076424683037e-05,0.000481974761183163,0.00165254183331855,0.00705281162969186,0.00208035803817992,0.0113799593318254,0.000806957279855851,0.00500382267092879,0.00347400721162558,1.80403817568031e-05,0.00161586403264664,0.00969444123096764
T>G,ATC,0.000135294272613464,0.00108906570298132,0.000201779949914606,8.49765882412612e-05,0.00269866131828167,0.00294950448093005,0.0135370969865471,0.000154646725073002,0.00439613261958584,0.000477836193713301,0.000437624547117395,0.000634584526688844,0.0013802628811418,0.00152210379021881,0.000709246528058429,0.000567882027462474,0.000764938224904288,0.00273883049376309,7.09701804378541e-06,3.95022411248647e-05,0.0161434673704207
T>G,ATG,0.000230600339546072,0.00136817421123851,0.000117041600284652,0.000451967412255963,0.0134583101607859,0.00863910383544862,0.0132182002160698,0.000652344270893094,0.000849560296337586,0.00046566329781655,0.00203030437696725,0.00267717003380312,0.00577806611487176,0.00602415538683999,0.000583093591412762,0.000857035674691305,0.00198282957528136,0.00976740777492523,1.54480905621313e-06,0.00469842145219445,0.00975632244721055
T>G,ATT,0.000292445352388313,0.000366113182458321,1.5213646023516e-05,1.40129846432482e-47,3.0132893980057e-05,0.000386895548414127,0.0340202335827053,0.00143738705257651,0.0628588922455674,0,0.000280588561193167,0.000514457220200322,0.00213043128175979,0.01118045539505,0,0.012158075850457,0.00207606681882923,0.0122390187811106,0.000326241791113939,0.000135169610490015,0.0941818922758102
T>G,CTA,8.03658747690861e-05,0.000376508468471002,1.44742795970432e-05,0.000232558513063208,0.00253224084153771,0.00699018428567797,0.00306921778479591,0.000643280284130015,0.00176790534285828,8.6902172001103e-05,4.94339270945219e-05,0.00203711188049056,0.00213838561940065,0.00107338342486498,0.00369023090461269,0.00041137904223433,0.00128138668522297,0.000937323054240551,4.74622043180833e-05,0.00487241310998797,0.0145802173670381
T>G,CTC,2.18498087813401e-05,0.000906322399969213,0.00024895803469235,3.19495526974749e-05,0.00619407471269369,0.0104362061154097,0.00414374111220241,0.00273877210449427,0.0302833232283592,0.000427063842034841,0.00192262274329551,0.00157950212422293,0.00303298389884696,0.00591989009579265,0.00590619794093072,0.00177092357567744,0.000848190582440161,0.000126876051749961,8.73161992971167e-05,0.000883266205928521,0.01974714204669
T>G,CTG,0,0.0010518714459613,0,0.00298492622678168,0.0103572865854949,0.0165945245791227,0.00317549891304225,0.00361856997944415,0.013497361112386,0.000262412341984536,0.00284921758924611,0.00212304579385091,0.00169757411064792,0.00397283532122758,0.00133797821006738,0.000384109153437748,0.00211302585754311,0.000209188737132339,9.86228897481836e-05,0.00780602898914367,0.00952698079869151
T>G,CTT,7.32109755310993e-08,2.66756527977918e-11,4.84368393601646e-06,0.00122118592837099,0.00473104910168498,0.00131942714670056,0.00223652334227177,4.72223598454386e-05,0.566050060391426,0.000710355115552985,0.00188005536665874,0.000723781611925894,0.0109411701084607,0.00142530366021716,0.0026218549326631,0.00328586898609536,0.00973213953407769,3.58341836744103e-06,1.10392678998039e-09,0.000715056910085346,0.0111021689862351
T>G,GTA,8.25341841107274e-05,0.000221310102497228,0.000104952698560977,0.000301228734933829,0.00329608145868406,0.00720293406862766,0.00240103786694817,0.000374260002135998,0.000375337149816914,0.000187669652088971,0.000725487126328517,0.00189669143292122,0.0020219507980255,0.000659270471684612,0.00232486117165536,0.000732997531886213,0.00230861834399548,0.000171408090311616,1.43320605688579e-05,0.00211592480773106,0.00030788568665808
T>G,GTC,0.000123129400781181,0.000348696212313371,9.83847816994561e-05,3.02085335471936e-05,0.00268496747943573,0.00325271574081853,0.0036360423732549,0.000323906656631152,0.00580972319527064,3.28623554232074e-05,5.90203889672598e-05,0.000764072254933126,0.00121894521018084,0.00168061398973236,0.00134258578240406,0.000302196578750227,0.000498286669465409,5.22051850457217e-05,0.00012947755369396,0.00110843884554924,0.000491906593641805
T>G,GTG,0.000182541451322322,0.00282003021333367,8.54176747477637e-05,0.00184888036979828,0.00819283132907003,0.0174435284174979,0.000620006404359609,0.000782412308544735,0.0013663438927324,0.000336296232698641,0.00688597458880395,0.00225259623257443,0.00182338711751352,0.00208704592412687,0.00622429579496384,0.000676578520942712,0.000847264584670233,0.00398958906764165,0.000998630262038205,0.00250539667031262,0.00343739767209627
T>G,GTT,0.00105877442518249,0.00198554252972826,3.50135498320018e-05,1.97383948425655e-05,1.02835004628941e-05,0.00600950210820884,0.00201186310502673,0.00275632849079557,0.117727053722792,0.000251594348993289,0.00109721172277204,7.74311687588611e-05,0.00325205995565745,0.0193447732112894,0.00678507475182414,0.00636303375398768,0.000754075831578353,0.00631344915833324,0.000133964089118308,0.00011838472574528,0.00393872668246331
T>G,TTA,0.000105901971837739,0.000497991051524878,5.12098614193858e-05,6.15286141354387e-23,0.00416813233401626,0.00845024206675589,0.00854010373819619,2.61823162048813e-06,0,0.000128740920918062,4.03547854517561e-25,0.00116521031970479,0.00434792008716613,9.8253460246891e-05,0.0213414561748505,0,0.0370618268644754,1.3329572029761e-05,0.000300810707808239,0.00225495811551809,0.0407058781012893
T>G,TTC,4.97750610601862e-06,0.00117666563135572,0.00010506381955704,0,0.0077075636619702,0.00702983709983528,0.018551042098552,0.000527837284353154,0.00820019716396928,0.000584186366987627,0.000876546043291455,0.00323982773756143,0.00443568314927688,0.0022936476270533,0.0171942564286292,1.76239117473255e-05,0.0144585163828015,0.000552749642229173,0.000242158419480368,0.000376435314493686,0.0377391982451081
T>G,TTG,0,0.000880167104187422,2.56216220044956e-05,0.00230792925227433,0.0116198355983943,0.0121072176471353,0.0123379405308515,0.00198427966737654,0.00443170095328242,0.000591210184815623,0.000693929129551665,0.00163071535552812,0.00268905127041059,0.000932103780878712,0.00790214601904154,0.00147838949633297,0.0169968315557344,0.000496561518102681,1.0719880265242e-07,0.00384349468513392,0.0126307007204741
T>G,TTT,3.30670502385374e-05,0.000156221018390407,0.00023701760572749,0.000127151091825138,0.00153680092971116,0.0036606387940301,0.00304923725530402,0.00850036427905936,0.111152694225311,0.00105850541822853,9.13081751199503e-05,0.00188875721072597,0.00356012986672797,0.0094680596273206,0.0174934985488653,0.00652867508955421,0.0570179971437666,0.000602701807934998,6.34367154361826e-10,5.1355044124648e-05,0.492251568734646
