Mutation type,Trinucleotide,SBS96A (SBS7a 0.918),SBS96B (SBS7b 0.961),SBS96C (SBS2 0.963),SBS96D (SBS4 0.973),SBS96E (False Positive) (SBS5 0.865),SBS96F (SBS3 0.922),SBS96G (SBS40 0.907),SBS96H (SBS44 0.993),SBS96I (SBS1 0.997),SBS96J (False Positive) (SBS2 0.572),SBS96K (SBS17b 0.999),SBS96L (SBS12 0.974),SBS96M (SBS18 0.988),SBS96N (False Positive) (SBS16 0.883),SBS96O (SBS7c 0.999),SBS96P (SBS17a 1),SBS96Q (SBS7d 0.968),SBS96R (SBS13 0.999),SBS96S (SBS22 0.98),SBS96T (SBS41 0.933),SBS96U (SBS28 0.984)
C>A,ACA,3.88894090974645e-08,0.00168373359047109,2.74315598301818e-05,0.0440852519450783,0.00708035178133339,0.0251621854677796,0.0472593509033322,0.000444246131156557,0.000923173549963394,0.0201513884142198,0.000796320442932483,0.00702253321360331,0.0571005702018738,0.0180853954043414,0.00505665045930073,0.00193693796521984,3.59668371676362e-05,0.0011272643043776,0.00406834153203135,0.0146973847685568,0.000465338477076621
C>A,ACC,0.000122278024199264,0.000331640550357406,0.000593372785879183,0.034516067947261,0.0123435590649024,0.0239817999862134,0.0111052424786612,0.00057905489506086,0.00171828796359478,0.0190346739400353,6.85647386430333e-05,0.00489088693633676,0.0163474219758064,0.0112756742875354,0.000592298013425218,0.00144865287061156,0.000674376681563444,0.000817276238813065,0.00138836009620472,0.0146160534797392,0.00448098668886814
C>A,ACG,3.49671682661008e-05,6.50156384438816e-05,0.000157551384460147,0.0175996592268348,0.00266364177630749,0.000606986755155958,0.00298658686457202,3.61906282592619e-05,9.24941785069703e-05,0.00669941234399413,0.000112369259363732,0.000987543278380586,0.00105645471895119,0.00360396500370014,0.00025028974381712,8.01464600954205e-05,0.000269309899990731,0.000149125284624461,0.000377624876543212,0.0046199173205423,0.000371605484169794
C>A,ACT,0.000178434274921933,0.000548085255504702,0.000352122095342241,0.0350823336839676,0.00594392879167572,0.0151098217163235,0.0198618633486331,0.00694302782882005,0.00077970246624318,0.0104668231722275,0.000174469887528328,0.00104313832607616,0.0230318413861096,0.00809483214805369,0.00147041834658012,0.00024912907111545,0.00382752750534564,0.0002878703082024,0.00481069818604738,0.00729487718484967,0.00723390389000997
C>A,CCA,0.000504018195715617,0.0012641787956818,0.000189784685567262,0.115153898373246,0.000294006960313587,0.0271324015036225,0.0169776495546103,5.88583710623425e-06,4.06557968381094e-05,0.00105922500582291,0.000197493816143867,0.00211263010998284,0.0869631310924888,0.0025257565589798,0.000237653980702162,3.86220366290425e-05,0.0132861945684999,0.00130029628868215,0.00125546996907019,0.0020442712457373,0.00506391835706468
C>A,CCC,0.000115066186464725,0.00100083621247904,0.000390283173629355,0.104793606270288,0.00120217006610577,0.028755093421787,0.0039239841019206,0.0289758837223053,0.00171855834796588,0.0132589622814404,3.27575380401906e-05,0.00100569669065923,0.0146797770448029,0.00504862146118111,0.00271515627304325,0.00138875255204766,0.00306172559270635,0.000439986904875438,0.00568306241882965,0.00604375093300447,0.00108153361619835
C>A,CCG,1.31245287548154e-06,0.000225597440621641,0,0.0329844966158271,0.00572664859239012,0.000175713437798422,2.64143236563541e-05,0.00366250204853714,5.38553607833906e-05,0.00410532361729793,9.15721672754444e-06,0.000938204339604228,0.0128137280745432,0.00377727331631701,0.00208372450899333,0.000324760875428183,0.000275751454046258,1.31488032684146e-09,0.00062987467412313,0.00249844253004164,0.00020885414440768
C>A,CCT,3.75493595127171e-06,0.00147107773955213,0.000473387069851017,0.0964343886077404,0,0.00781771226320416,0.00842437861272567,0.0902293565124273,2.77062351811438e-05,0.01512114195567,1.17539220006902e-05,0,0.0305372776173657,0.00525092529132962,0.014329984318465,0.000114315558791956,0,1.82680570717686e-06,0.00211405439497384,0.0125739936670288,0.00159156701720605
C>A,GCA,0,0.000415930793751613,0.000120336010413666,0.0227268436481245,0.0127499021496624,0.00512556933332235,0.0118214962900213,0.000663929151414911,0.000886593785326113,0.0187359638130007,0.00114001248439308,0.00287957974282403,0.141983975917101,0.00975138123956643,0.000277373203561524,0.00246057587501127,0.000171345518909526,0.000396746309270384,0.00285563213050568,0.0180912006241851,0.00824588858183689
C>A,GCC,0.000248857857680882,5.29580576085209e-06,7.97497897144339e-05,0.0298360935081339,0.00829897032954787,0.0114987037796527,0.00541573124722753,0.00452567142434418,0.000724989790868157,0.0363500766594734,1.16857863758923e-06,0.00649288075675661,0.0153388556372374,0.0174055873522499,0.000256080434375576,0.00095550587867056,9.54611317388299e-05,0.000256751594366227,0.00411993945686845,0.0287060086187316,0.00286153286583696
C>A,GCG,1.22680857180058e-05,5.88323151262671e-07,0.000101650018400221,0.0179093760438263,0.0033927425055299,3.21448759193581e-06,0.00194380107102916,0.000420024979393929,0.000746509319869802,0.00606912390743683,7.37028255749365e-05,0.00159568296917867,0.00795103919692338,0.004214652105968,8.55407073913739e-06,0.000134413816899653,1.55621864769273e-05,6.50748108819243e-05,0.000111879420979567,0.0045974337071157,0.00147182270389749
C>A,GCT,1.714377594908e-07,0,0,0.0122088181335251,0.00481731034582481,0.0112885527778417,0.00675683639215681,0.0112488934677094,6.14322833200731e-06,0.0191254819777297,0.000552820698503638,0.00435707996570272,0.0802926664799452,0.00855284159926151,0.00025559656455016,3.24638598613092e-06,0.000119099214678858,0.000253806101204061,0.000404803730688877,0.0171320893426309,0.00564033438742627
C>A,TCA,0.000233867796034385,0.00246462873648852,0.000718810130493316,0.0433278642036021,0.0006217634492507,0.00188388359251857,0.0440647060982883,0.00113931331012282,3.60913423867232e-05,0.00666901126566761,1.72095741949363e-05,0.000885697008123807,0.0888522191345692,0.00430989980502904,0.00206243866938166,0.000154698308706397,0.0105607727076858,0.0795519437640905,0.00405976065492354,0.00740854104282334,0.00816663206845988
C>A,TCC,0.000371297405140698,0.0036068457365036,0.000250173109604715,0.0505107741430402,0.00810623923782259,0.0169695938471705,0.0277291429974139,0.00229963646968827,0.00242584517109208,0.0160367975779808,0.000244813955754952,0.00189925343861909,0.0492731181159616,0.006741768284846,0.0144996065180749,0.000673686498731793,0.0078602724801749,0.0319201425090432,0.00177621852527107,0.0119745983187604,0.000915982785798443
C>A,TCG,1.29121640202472e-05,0.000174865128992678,8.06382840892184e-07,0.0118342906981707,0.00359127668547444,0.000156804817289289,0.0034771416685544,3.75557934681839e-06,0.000350618415712689,0.00442559136496042,1.97838177636434e-05,7.94841784233539e-05,0.0150948513206095,0.0032008941528784,9.2837228658027e-06,4.11689529755677e-05,0.000156853891057835,0.0113411481771618,0.00049405825953311,0.00322377520616101,6.65623160626614e-05
C>A,TCT,0.000462129928346258,0.000771781511557492,0.00102475178689929,0.0405713020637631,0.0119793431600556,0.0051196483313106,0.0313387699332088,0.0181267575547099,0.00136310216448871,0.00193838805590723,0.00270831948379055,0.000258904058322289,0.160818338543177,0.00273672178234104,0.00383301815018058,0.000973509750765515,0.00101490303079117,0.035212092064321,0.011184516698122,0.00367593685747222,0.00964512517755803
C>G,ACA,8.88793114276666e-05,0,0.000150722334209625,0.00779270597733557,0.0176842970587313,0.0321127697266638,0.0121077586244792,0.00430531869642437,0.0021213777048979,0.00120112055599748,0.000246703214115921,0.00408212104641279,0.001058256686212,0.00325885868663817,0.000523026817500067,0.000663945430715103,0.00121155635628384,0.00326758987503126,0.0040446708642412,0.00644997101662886,0.00206266639535897
C>G,ACC,3.39568193128414e-06,8.78881878634283e-06,0.000162859205378505,0.0021350259470637,0.00807671927846968,0.0197197840921581,0.0110947765689343,0.00149002319900319,0.000790802823103149,0.00191460434428793,0.000139002885700847,0.00225499555555871,0.00357896437635645,0.00177683613498583,0.000210184772798759,0.000425582318312081,0.00263835588702932,0.000842532044625841,0.00108629568727338,0.00518600378534757,0.000875117017913745
C>G,ACG,2.37221917814168e-06,0.000673429614980705,7.33769275029772e-07,0.00119719033100409,0.00238128214841709,0,0.00468990548280999,0.000448000706674065,8.16597602014968e-07,0.000784436907997588,5.61810076078473e-05,0.000349291926113617,0.00223462145077065,0.00195992372404362,0.000206736172129573,0.000492630396111053,0.000722518174734432,0.000286436468335367,0.000123165546562747,0.00183196079888148,0.000382710431124451
C>G,ACT,1.39108418436251e-05,5.3739159481152e-05,0.000410809211825836,0.00290308497373189,0.0136653671879321,0.027247725147754,0.0208735251054168,0.00466139021562412,0.00145764776796568,0.00158335917039837,0.000135978891200088,0.00197816654252932,0.00553952271584421,0.00821618431888055,0.0018557018856518,0.000386560489059775,0.00388583078281954,0.00418880944140255,0.00268676991827306,0.00773360126942862,0.00119244104860627
C>G,CCA,6.74250331940129e-07,0.000469303576392122,4.76919288757927e-06,0.00917389738523132,0.00952273136470467,0.0318834784068167,0.00154667054147668,0.000974365133733954,0.000180359071999983,0.00282018689063989,0.000139858424327031,0.00143193000129278,0,0.00631357424841553,1.98204041225836e-06,0.000726958500254114,0.00152588180964813,0.00613099007401615,0.0018173755153846,0.00361574735114118,3.84619360556826e-05
C>G,CCC,9.5898466427947e-06,0.00110678392928094,0.000229796316402826,0.0079840024933219,0.0148060994036496,0.0223521536029875,0.0101567359827459,0.00131945097382413,0.000391323997487234,0.00279310280457655,0.000109141794665524,0.00279060335650261,0.0028471154847648,0.00734768149196732,0.00200844904407859,3.36753312035398e-05,0.000386696860260047,0.000509045521030203,0.00345502102689352,0.00255831931335706,0.00016817161328768
C>G,CCG,4.58764489222705e-05,0.000684803065669257,0.000124057850071057,0.00383257688954473,0.00455945210298523,0.00172178581357002,0.00181495377793908,0.000176734268374751,0.000373611598597634,0.000709657318597714,2.73368095804472e-07,0.000971564102510456,0.00457119786180556,0.00232391551503151,0.000318929461200241,0.000442134043842088,0.00146614718949422,5.71343517958667e-05,0.00197650282309041,0.000469478864470148,5.35225570288555e-05
C>G,CCT,4.76377015425284e-05,0.000802000254043378,4.66225301712797e-05,0.00669322612231581,0.0118458613567054,0.0354421708732843,0.0162804578989744,0.00137675842910539,2.71208091794506e-05,0.0033040902828579,8.2035790558891e-05,0.00530478192376904,0.00378650416154414,0.0051883584697498,0.00431907031917945,4.37940357032028e-05,0.000563779236617847,0.00656749725341797,0.000881964705564709,0.00642106274308319,0.00153035323630332
C>G,GCA,1.64573729256001e-05,3.9128970092861e-06,3.8557678363017e-05,0.00572419185424224,0.00685177403502166,0.0207596749067307,0.000879780502273836,0.000639359249180416,0.000205617049269328,0.00259692400118183,2.09235609012026e-05,0.000608275239582258,0.000438545675663136,0.00328989714021105,0.000111848729402277,0.00100178516178858,0.000327244267973583,0.00130434817343485,0.00221213202632498,0.00314874519070145,0.000249199100910573
C>G,GCC,4.00576054744306e-07,0.000329293258982943,5.59643412202604e-05,0.00689535851357505,0.0067194349411875,0.0134595871996135,0.00529429609421641,0.00200745426001959,0.000584694760109414,0.00188910197837686,1.82220810575018e-05,0.00213858464470832,0.000630657088062208,0.00402739986790065,0.000551982436445542,0.00140615963766322,5.85728958362494e-05,0.000461872110317927,0.00390162520983722,0.00361536419142794,0.00133545453467377
C>G,GCG,1.04356449313466e-05,0.000415597624087241,1.24761191545989e-05,0.00430420175427571,0.00262942671775818,0.00359183017397299,0.000558038286872034,0.000243649642025048,0.000249479729101694,0.000533133714517408,3.20563648170946e-05,0.000187880142063133,0.00033208884281521,0.00076900472115085,0.000126601320375812,0.000111375760975534,0.000594792297342792,0.000203310797733138,0.00039506590235078,0.000400857220024591,0.000224132089329599
C>G,GCT,9.08894654685355e-07,0.000316825713962317,7.08003431617645e-05,0.00277756520467676,0.00998394620604813,0.0234989858791232,0.00359701025532559,0.00231253623962402,0.000187274953296226,0.00162538273233906,6.62310763842752e-06,0.00225793988451187,0.00093850596997072,0.0063213145273643,0.00109947017277591,0.000628777458477998,0.00101927388168406,0.00290209478931502,0.00269038390222704,0.00461495647658012,0.000283443538405663
C>G,TCA,0,3.13333280450934e-05,1.76148059199477e-05,0.00138042190090815,0.00463054488457644,0.0141776577942073,0.00090586188226983,0.00126558715510006,5.40600769433721e-06,0.0022335759589123,0.000151244852093789,0.00145613132737435,0.00148899454099592,0.00167181895413149,0.00155064473452512,0.00315187220898224,0.00392198582179844,0.303274241685867,0.00515164952084888,0.0170153247414327,0.000866146335115347
C>G,TCC,0,0.00167270032106899,9.6717009000713e-07,0.00600345081184059,0.00706406566081569,0.030506385974586,0.014571527056396,0.00133079398190603,0.000217388012827087,0.0014205917504842,1.68182249672217e-05,0.00386331785586663,0.00430742089403793,0.00196573535269273,0.00404790364671499,0.000704211951961042,0.000221645465146727,0.0663976769149303,0.00117168254737237,0.01409380627094,0.0010658235282861
C>G,TCG,0,0.000275729287823197,1.6247924913273e-05,0.00245885605632793,0.00319530683802441,7.82042542763861e-05,0.00239075867924839,0.000269738227361813,8.94933878672239e-05,0.000418276748960364,2.56183771685727e-05,0.000965539132869253,0.00114689501759131,0.000524772505073157,0,0.000372020165341382,0.00108079274417833,0.0139496305305511,7.24470996728766e-05,0.0012299427389675,4.03219004629728e-05
C>G,TCT,0.000474195778078865,2.21641041410006e-05,3.23979125834434e-05,0.000879850572814359,0.00051086743380083,0.0272264599706978,0.0129757911898196,0.00271513293497264,0.00249303941673134,0.00144135916699151,0.00144913172971428,0.00776748098665848,0.000313973651141129,0.014022912592463,0.0130220450740308,0.000691397628925354,1.19396761874668e-06,0.383586473762989,0.00338079317015501,0.0393064878830271,0.00193510356678445
C>T,ACA,2.23387355475675e-05,0.000519673262315337,0.000340303350081041,0.0102598288375884,0.0697061543911696,0.0130137347057462,0.028551810272038,0.0877499452233315,0.0233811411261559,0.00214931310175488,0.00144008507486433,0.0131103715719655,0.00639210320543498,0.0102610990848718,0.00180910831026267,0.00237856353749521,0.00317829727311619,0.00779173981398344,0.00862057402497158,0.00975803774220594,0.00726467670989223
C>T,ACC,0.0218742642179132,0.0411735384911299,0.00193984707584605,0.00300597532602046,0.030403587333858,0.0164277217723429,0.0141078339703381,0.0202874546870589,0.00498522161040455,0.00326212589796811,5.20806298577795e-05,0.00421863239287632,0.00285606034332886,0.0169650325800468,0.0090745436726138,0.00226658464467619,0.00549809443298727,9.35742309159436e-05,0.000743568400257327,0.00555082346865675,0.00220493697299389
C>T,ACG,1.52796437760117e-07,0.000710251786149456,7.89383650697847e-06,0.00185993554600437,0.000180033756195904,0.00730900644644876,0.00604904323902366,0.0011410185419336,0.392840332984924,0.00300151435193386,0.00316739960464627,0.000275045261512309,0.000480988401614245,0.0114411127667996,0.00024829078665789,0.000222341507571161,0.00101944907088182,0.000291563038044842,0.00354178991688138,0.00239870830809995,0.00109161956594942
C>T,ACT,0.0086864505847916,0.0121381882298738,0.00406993305776268,0.00257054037053283,0.0494392058625817,0.0137778237368912,0.0242251961492002,0.0266173148527741,0.0085914564691484,0.00326459287484608,0.000741903688176535,0.00271062966441194,0.00714057772886008,0.0103235435802871,0.00803687102161348,0.000983235185240687,0.0295922332443297,0.000129923513380173,0.0012899633497462,0.00955957332364051,0.00827922730240971
C>T,CCA,0.0620936565101147,0.128537600705086,1.57491303375283e-05,0.0149834645290734,0.0150875702733174,0.0168206120654941,0.0266867829486728,0.00382226371846627,0.00328167607309297,0.00498979774617653,0.000381580136302659,0.00959518784016041,0.00676117483526468,0.0085346471821498,0.00497383745154366,0.00171748907247093,0.0506094044074416,1.95233593694874e-05,0.0023628169065686,0.0072275134694067,0.00529542836127803
C>T,CCC,0.0581647526100278,0.234463425129652,5.14906831085682e-05,0.0117579195322469,0.00494043083264383,0.0200670382101089,0.0158441210324376,0.00598240032634521,0.000150032079725256,0.00367690775163051,0.000142286535094682,0.0111063052548337,0.00156638316284506,0.0127523835787846,0.00594864705171403,0.00173892848077243,0.000468134265393019,7.68335859624436e-05,0.00810555866628422,0.00630114116024156,0.000598120491628639
C>T,CCG,0.00624519354663789,0.0260023518279195,0.00313873408711515,0.00294711369744618,0.0355313999671489,0.0030421295191627,0.00217671817147345,0.00882378641981632,0.182640919461846,0.00712624579346981,0.00598144011804834,0.0011218618958108,0.011960379961378,0.0257923753799996,0.00989011531695724,0.00202048509933501,0.00542676988756284,0.00164769569324604,0.00459737493599552,0.0123577261380674,0.00892949831439374
C>T,CCT,0.0669311854615808,0.156024351492524,0.00151038255525562,0.0203041834942997,0.0122863945079998,0.0285191163234413,0.0220886749308556,0.00746413707034662,0.000210013017535835,0.0023730105914876,0.00023208845577713,0.00432460525418767,0.000933501558931535,0.0402146272526008,0.0267493617907167,0.00210368212865433,0.0104028934566304,0.000685062095872127,0.00670576436269893,0.00811026690189756,0.00253377926230314
C>T,GCA,8.41477761151986e-05,0.000145978657199163,3.85252893925823e-05,0.0024648034673649,0.0329770784452558,0.0217478142119944,0.0133216445660219,0.0867010360211134,0.00364025278322515,0.00319239149004633,0.000159475465019458,0.00788480539340526,0.00715873634442687,0.0150295984184049,0.000146567819050852,0.00235718942363746,0.000714026622590609,0.00748534185811877,0.00236522990635441,0.00677930514386389,0.0050277687900234
C>T,GCC,0.0126906907791272,0.0307691067829728,0.0019705839900962,0.00385336151346564,0.0395569757185876,0.015362858036533,0.0088851816568058,0.0738637438416481,0.000475918019824212,0.000967050586677814,8.41815372810861e-05,0.00487656028504304,0.00471349745872431,0.0152386584019587,0.000384362177901496,1.21039369896054e-05,0.00391278760449495,0.00012011049038847,0.00245189237930259,0.00826915758157765,0.00460956509443349
C>T,GCG,1.1777056998884e-06,0,3.34940423272201e-07,7.01522726748236e-05,0.0163774547384325,3.44606982035128e-40,2.7852842489597e-26,0.0538733258470893,0.206743054785766,0.0071939308906619,0.00602892853086814,0.00097532022263485,0.0118298779241741,0.0288654325944389,0,0.00166807022441897,9.59275093919132e-06,0.00169224939586236,0.000304756309556702,0.0187177685044322,0.00305743976972566
C>T,GCT,0.0236031880788505,0.00345618721094702,0.000776152446321748,0.00248606389890607,0.0302434582263231,0.0103495088033378,0.0157650355063379,0.0667337531596422,9.94346798357855e-05,0.00267872697027664,1.40874721398153e-05,0.00337074935468056,0.00315323314105626,0.0124102947980282,0.00146993126778398,0.000986231814480325,0.0409452530741692,0.00154739798686933,0.0043233135069022,0.00689984037540853,0.00213260499836939
C>T,TCA,0.112447830902669,9.22163519664363e-17,0.696574932932854,0.00327153457800511,0.00122191206058061,0.000285321215420019,0.0403334748979432,0.00412125067846512,0.0012107570153588,0.0371702771722489,0.000101507326682689,0.00457237364591974,0.00358611494252776,0.00217226922379344,0.0193162548530381,0.000470597609469385,0.000218656640570088,0.00219716147319336,0.00238591664722759,0.00316990202498284,0.00110663787539211
C>T,TCC,0.47978231549263,0.141740472540259,0.0451266560369663,0.00595372856111072,2.14760569298512e-09,0.00235272914848166,0.0148450312138002,0.000697743809864292,0.000108002652814329,0.132222362675183,5.5759305221237e-05,7.39647897805002e-08,0.000231577887929916,0.00237887917142986,0.0139882670163989,4.41046898521336e-05,0.081138494233528,0.00211362141058329,0.000203213960297433,0.00476452987259453,0.000185867114427054
C>T,TCG,0.0840194549275079,0.0537605172862082,0.048372953956248,3.93667200114578e-06,0.0211304725040156,3.19133505927368e-40,0,0.000162944205584795,0.0953359795175493,0.0148330707230693,0.00323267788156386,0.000657874516304128,0.00782982347358674,0.0781792365713045,4.41237061750144e-06,0.00045463564018529,0.00602068262208673,0.000803624420298265,0.000123454975546776,0.00256069029240646,0.00257678387546854
C>T,TCT,0.0405424815840858,0.073776868082478,0.179532079163243,0.00407319366729174,0.0060956098600492,0.00135839887549741,0.0153480942449055,0.00273837056847088,0.000144213295593455,0.422792461833411,0.000346783173754785,0.0115982788149758,0.000244474831766901,0.00816167613388759,0.000360217013565869,0.00120103234190638,0.0308199531421219,0.00210817947392791,0.00324369448320913,0.0131437904498963,0.00120257933982135
T>A,ATA,0.00243313915154431,0.00221712191822007,0.000243746829746484,0.00403207832365297,0.00826200603507459,0.00032490808314114,0.0110660974029452,0.00520639375317842,0.00107229845889378,0.00125084187195295,8.28106373421633e-05,0.00631771989399567,0.000920314531540562,0.0100325733068166,0.0128563422523439,0.00100670571700903,0.000331580624399673,1.49286975647556e-05,0.0559346015378833,0.00699573591642547,0.00121710975538008
T>A,ATC,0.000557159139298164,0.000229304752201643,0.0006726897363842,0.00341725987265818,0.0111333594378084,0.00933809808455408,0.00404758164891973,0.00259115589549765,0.00314091760548763,0.00233042288076831,0.00025543793097313,0.00644633141811937,0.00027381506270923,0.00563033786718734,0.00275797263486311,0.000649868703039829,0.00160812980146147,0.000239013649695607,0.00825501120183617,0.00461522952435001,0.000301045217857198
T>A,ATG,0.000672580736209056,0.00169162615085952,2.80054254715432e-05,0.00816144727810752,0.0151240985933691,0.00935368568636477,0.00839714149013162,0.00158194224059116,0.00128006142243976,0.00301425086579365,0.000100621610872622,0.00369986755249556,0.00135928829346085,0.0108192836650918,0.000124607514135525,0.000294985533755855,0.00286658085649833,0.00106678444077261,0.0495652842707932,0.00287030517363746,0.00188912233381416
T>A,ATT,0.00415518886176869,0.00949450655840337,9.16796325327596e-06,0.00477592219365761,0.000298683520813941,0.00110557396878217,0.0110217716731131,0.0291361887380481,0.00011546501681537,0.0014754015556096,0.000790409468172584,0.000636263027972746,0.00441305844695307,0.00165363573446112,0.0540441140159965,0.00106575773184886,0.0336499595828354,0.000747278135968372,0.00145469256827059,0.0723035599384457,0.00658534010243831
T>A,CTA,0.000195590670787169,0.00067673183788429,0.000115957188555386,0.00158902482770669,0.00209838602398527,0.0013585942016682,0,0.000569914094426611,4.38759525245749e-05,0.00101103962560158,2.36066001662039e-05,0.00119137516464435,1.14079723373634e-05,0.00392912746197956,0.00342458168044686,0.000106656505889384,0.00190733310999349,0.000120720796592269,0.109018890671432,0.00234841011814678,7.78833438549142e-05
T>A,CTC,8.01539073983498e-06,0.000817901701084338,0.00039745834160442,0.00359352301773878,0.00123275299069773,0.0174756830371916,0.00471381163690239,0.00310317129595205,0.000114285186045409,0.00325570136784343,0.0018636727676494,0.00386667654092889,0.00228675299673341,0.00645282737015238,0.0151583700720221,0.0387376178242266,1.33802906930214e-05,0.000284260998204174,0.0704556541889906,0.00254036601484362,0.00219418490831301
T>A,CTG,3.21403014144167e-05,0.000456533149190364,0.000220642160079695,0.0165627421950921,0.00147086536298607,0.00113109518879755,0.00323363204603083,0.00128856854898913,0.000452361817272173,0.00157419049529661,0.000376190206116149,0.0022654788304246,0.000953063276211791,0.00271919516217048,0.000139081096805445,0.0114334252895787,0.00175459493068047,0.000454488967079669,0.180325527265668,0.00202649646129674,0.000733128031133674
T>A,CTT,0.000246659898464729,0,0.000487161658170136,0.00552741589679499,0,0.00842449379619211,0.00796234532725066,1.39054647297599e-05,1.31700672193584e-05,0.00463005002762657,0.00718728914764394,4.93286907099626e-41,0.00096215904941558,0.00452529773589623,0.0499550304189324,0.0720750068128109,1.94545180420391e-06,0.000492635450282251,0.0617605319991708,0.00511906695363831,0.000707175608323427
T>A,GTA,0.000428246640512953,0.000317649121452632,0.00035011810360583,0.00601716569857672,0.00449434952111915,0.0069939903030172,0.00129679375560954,0.00178154667606577,6.26307446350379e-05,0.00139515975296214,0.000132120875746296,0.00221373045234941,0.00117114147753455,0.00205550848142999,0.00154606165189762,0.000101909041254373,2.07272634725086e-06,7.61318595423261e-07,0.0373723397776485,0.00273436487578701,0.000721162703492268
T>A,GTC,0.000256055378049496,0.000102396978663819,0.000202948926989848,0.00217352328472771,0.00364738217554987,0.0106598291825503,0.00196518961165566,0.00266681892098859,1.54091658546255e-05,0.0014010131029218,0.000342538694821997,0.00187062605808023,0.00219354077940807,0.00106236074492218,0.00255658727837726,0.00296394927776419,0.000158160976948238,0.000215046467487809,0.0109311557095498,0.00284060289493937,0.000132617232508784
T>A,GTG,0.00023852792874095,0.000555253688653465,0.000247046458414426,0.0141048774588853,0.00339496692409739,0.0152988535258919,0.000985377124953004,0.00292459548218176,9.00304768911876e-05,0.00182383536505539,0.000179512781942321,0.00215443562541623,0.00113710892328527,0.00388149888744181,4.08878877351526e-07,0.000598006201325916,0.00122368822165299,5.74996178238507e-05,0.0265284350700676,0.00202825671785831,0.000508465363538982
T>A,GTT,0.000341731147491373,8.00548396591699e-05,0.00015707576151719,0.00547032249160111,0.00226395331381355,0.0167959988024086,0.00191687999496935,0.00335442914161831,0.000228392670588534,0.00126946720207343,0.00156389588606544,0.000558711106987274,0.00315539749106392,0.00152506875120008,0.0214961582049727,0.00490004283841699,0.0077500700764358,0.000613296002265997,0.00731744359713048,0.00314027669017378,0.000848116800552816
T>A,TTA,0.000136707916238149,0.00263016739743762,4.88206512073042e-06,0.00279342256664653,0.0031769579165848,7.99090905638877e-05,0.007521166279912,0.00563578518107534,0.00760493375360966,0.00083004308922256,0.00129383874154883,0.00109625146224123,0.0102082046214491,0.00126449807289761,0.017642334792763,0.000338956398420042,0.0142028167564422,0.000363256145706821,0.0568643299490213,0.083706129732891,0.0125259979514522
T>A,TTC,0.00019910578278683,0.00241510127554648,0.000235564632679485,0.00148874198458088,0.000174866466239141,0.0108317710738629,0.0143532597925514,1.59246584452433e-06,8.68973759531158e-05,0.000377695526677285,0.000288519431887835,0.00695771454833448,0.00202068315236829,0.00166446263217949,0.0360731565579772,0.00557525788899511,0.000917073630844243,0.000512239100353327,0.0233492030017078,0.012135686976564,0.0024624332368694
T>A,TTG,0,0.00165240942966193,0,0.0070526624424383,0.00628536923788488,0.00361000849865377,0.00641058625187725,0.000680590446863789,0.00022799918664532,0.000873328902605763,2.02939590894857e-05,0.00271515295607969,0.000866074735636744,0.00194295836307018,0.0126928976643831,0.00158637243905105,0.00463798542041332,4.83824288176395e-05,0.0411801659315825,0.0100692837550105,0.00133362148786561
T>A,TTT,0.000253229861015046,9.98285395326093e-08,0.00107317422921552,0.00280345568375631,0.00283223029447344,0.000497053842496786,0.0197700044326484,0.0116293393541127,0.00206611647008685,0.00303857248411557,0.0014543834768647,0.00541290484135971,0.0015392367167371,0.00121130090551508,0.273005270063877,0.00250186029821634,0.025767529271543,6.13542894552666e-05,0.0170082328375429,0.0179746342714088,0.00340866516935718
T>C,ATA,0.000298206557078515,0.000445939868086638,0.000303702387923095,0.00598330972864334,0.0413378525031195,0.012885804429402,0.0247499054587508,0.0243587261624634,0.00142550627987214,0.00309720398573019,0.000231749702656828,0.0511128171500708,4.83044793357948e-05,0.170283540480307,0.000782612515390042,0.000423476492263472,0.00352425729890153,0.00192424790759105,0.0260907648971515,0.0141133440836532,7.85547443969686e-05
T>C,ATC,1.11313148382665e-05,0.000292495653193328,0.000574601610569516,7.75415530370774e-06,0.0114523039478809,0.00557907209848054,0.0112196829589084,0.00464749500970356,0.00422076205490157,0.00137076182837051,0.000205391107243267,0.0464527722448111,0.0023270496056648,0.00882434653135179,0.000544228795479285,0.0119361547660083,0.00440134621458128,0.000377695187195517,0.00243484795471886,0.00313254545792006,0.000378254807295353
T>C,ATG,1.48497704236184e-05,0.00121128108119592,0.000346144037725935,0.0035451688029707,0.0578563702106476,0.00533596622771446,0.0246407208777964,0.0353911863453686,0.000531591266618543,0.00475584075276366,3.98436590330675e-06,0.0813247638195753,0.00140013145654042,0.0320889312570266,0.000516469429813817,0.000802655010693343,0.00924695193301886,0.000608653920207871,0.00710050891968422,0.00774193459044931,0.000620105200368926
T>C,ATT,0.000566934199923708,0.0019626971083926,0.000492190153458465,0.000868352195613609,0.0461283068358898,0.0173137212451547,0.025948067959398,0.00283200858781693,0.00636425761971623,0.00215308411895341,0.000293672290742337,0.0593757198378444,0.00386776752537116,0.0734622898081036,0.0021856103092432,0.00938892051577568,0.0475969121977687,0.00163132045068778,0.00111207007243611,0.0144419731735439,0.00356037086552533
T>C,CTA,0.000373894033742772,0.0014393903297605,0.000309592972448974,0.00531988810798794,0.00983707473613322,0.00589085450628772,0.0173002954293042,0.0148092902172357,0.000668917206826882,0.00100042397524987,0.000453489115528635,0.0462125313282013,3.8156115624588e-06,0.00723780553966455,0.00714983448851854,0.0110195486014709,0.00933204827830195,0.000224895361970994,0.00578486372251064,0.00793495364980052,0.0014043195573322
T>C,CTC,0.000235306495561656,0.000646452884218434,1.30649674164829e-05,0.00179319618444424,0.0027125690773369,0.0110546315892134,0.00729423357452285,0.00261704603133138,0.00344966783683049,0.00491883928892704,0.00224964887110228,0.03501365698874,0.00308374454150908,0.0123999010967926,0.00168826330604807,0.174668109565973,1.71495483177075e-05,1.67867457097158e-05,0.0024410206641319,0.00183425678309127,0.0047172692499136
T>C,CTG,0,0.000281890072719615,0.00011408407074505,0.00398180701169753,0.0281383180804551,0.00455202885238154,0.0107882465654984,0.0344863767549396,0.000229696829660899,0.00754390048628325,0.0020113368325285,0.0378305595181882,1.03569012824547e-06,0.0192437353747664,0.00142954243245185,0.093578771725297,0.0015335990517633,8.6911690030407e-05,0.00393443748390064,0.00706578580063649,0.0027489910322458
T>C,CTT,0.00168558764387853,0.00794996828306466,0.00019718240776512,0.000911492323457554,0.00797067482935754,0.0010496525208003,0.00186181570032357,0.00455425726723888,1.6451356527727e-05,0.00711582134468706,0.00862272158265114,0.0157847499747166,0.00485202028718574,0.0329597667095299,0.0313388289883733,0.414977212250233,0.0327055541053414,0.000122827276050721,0.00128123113666728,0.00882156013356664,0.00577050937356761
T>C,GTA,2.76633416191443e-05,7.79199047144632e-05,0.000186825831942805,0.00231417805771343,0.00672059990116395,0.00677866953556077,0.00441120116214734,0.0261611004732549,0.000779026636633772,0.00172831764514262,1.70926835470311e-05,0.0717457905039191,0.00015224211166261,0.00382084161835199,3.55721385858487e-07,0.000150534490114492,0.000777995000280499,0.000148178076015029,0.00469703413837124,0.00412402589773858,0.000724757683383533
T>C,GTC,7.16875769754464e-05,0,0.000125190990093362,0.000226998564186715,0.00753798410762101,0.00525634576100856,0.00480050201760605,0.00162135600272455,0.00239138904493302,0.00150817297813076,0.00103911977771597,0.0284810998663306,0.00258949131588452,0.0044959691620943,0.000165318234023709,0.0141198629885912,0.00193944705068134,0.00025011554658704,0.00334865849115886,0.00427651511272416,0.000705840031782827
T>C,GTG,9.13197858769789e-06,0.000480136029800633,3.04359412758813e-05,0.00122096619870717,0.0155974494386464,0.0105761307943612,0.00220401893300816,0.0195996876806021,0.00184454059344716,0.00242602881724137,0.0010789713653503,0.045453427284956,0.00490395985078067,0.00986865188927342,0.000253668047341193,0.00376824929378927,0.0025408651959151,0.000225861558892575,0.00312246697099813,0.00459930538127082,0.00142718546770539
T>C,GTT,0.000190940167907513,0.00753368461354091,0.000189124742834956,2.33176568035139e-05,0.00597180532486356,0.00162765764013023,0.00250120277307147,0.00358388604111509,7.39283892835836e-05,0.00156184810227112,0.000507179026402749,0.0318141290731728,0.00127145121821731,0.00493349136032533,0.00585105621954426,0.00479545650538057,0.280273079574108,3.99156208530371e-09,0.00224758496322475,0.00125943284541688,0.00365978100395523
T>C,TTA,0.00201779340743087,0.00599271915620193,0.00112659566133516,0.00105727098494838,0.00492089483927225,0.00922708305995911,0.00307092726306541,0.0212364106997848,4.44099231055093e-05,0.00082364084039,0.000796816472966387,0.0774184253066778,0.000374370984720522,0.0071749778622007,0.0317789122462273,0.0010239511997675,0.0680571548268199,1.19681324577788e-06,0.00756694097071886,0.0538559594495746,0.00571792582282797
T>C,TTC,0.000649253552255686,0.00177193839452229,6.22857478447259e-07,0,0.0016079156080191,0.0064417623449117,0.0063555666198954,0.010981405461207,0.00540934362215921,0.000719596389969609,0.00102188095246674,0.0435952615737915,0.00499108239542693,0.004952533230254,0.0234238085895777,0.0144283857475966,0.0120410323515534,0.000109538894831465,0.000103857065550983,0.0211586568810162,0.0037313412502408
T>C,TTG,1.52274283391335e-05,0.00430115448078141,4.91657401444304e-06,0.00131425144791137,0.0120732953213155,0.00336955351043743,0.00419663947657682,0.0180914572719485,0.000265451657376389,0.000625273117303047,0.00111620684852824,0.0381542313098907,0.00281143338186666,0.00607106284543889,0.0134291413612664,0.00199137612944469,0.0211992939189076,1.01974730660081e-05,0.00459954569756519,0.0230057337589096,0.00368870972306468
T>C,TTT,0.000791625781728769,0.00362665692111477,0.000456033803726055,0.000100342034406289,0.0146257119998336,0.00714618965634145,2.7252802128009e-24,0.0325889549031854,0.00489742114907131,0.000764890055701353,0.00066855310455594,0.0601149751245976,0.000790708874669577,0.004780200881274,0.0885614555329084,0.0194892774149776,0.034819571711123,0.000565784691534645,0.000881145375840511,0.0389783484204963,0.00279513443154577
T>G,ATA,0.00045257129590027,4.02213730922085e-06,0.000477027546856164,0.000669757849091184,0.00375208554440178,0.0045993151050061,0.0128629945125431,0.000388093739602482,3.09690303015842e-05,0.00137656488979701,0.00124987770299464,0.00186946927926329,0.00054031208223023,0.00544495747715093,0.0109800362307578,0.000856856519312714,0.00335755036678165,1.33503077889774e-05,0.00181473703210941,0.00514594489708543,0.0105889574019238
T>G,ATC,0.000120096232070393,0.00114862824731972,0.00026986303269041,0.000107076369027506,0.00286002301145345,0.00293193665565923,0.0132432127557695,0.000159904822552335,0.000434276619344018,0.000488547918675511,0.00421039230655879,0.000797929920629196,0.000404589568104123,0.00110902375883893,0.000805859212414362,0.000649153253434633,0.00275656648678705,1.16016341371505e-05,8.63170039610996e-05,0.00069897928948194,0.017121955845505
T>G,ATG,0.000193169762906109,0.00157739923335612,0.000194614953198442,0.000382637423978814,0.0134866239409894,0.00873534674756229,0.0133397039212286,0.000857190550013911,0.000471484144251298,0.00150899190245923,0.000796165007486707,0.00356056845630519,0.00216402135323733,0.00511056408170001,0.000434472844499396,0.000957703096210025,0.0099111595004797,1.92865101666939e-10,0.00455257655936293,0.00299109991174191,0.0099297619657591
T>G,ATT,0.000296598854911281,0.000447555568894131,4.49326089926455e-05,8.95902121555992e-08,4.28406042716806e-05,0.000350930046377362,0.0323917407169938,0.00129739502196105,0,0.00761779661584336,0.0610261584818363,0.000584169359357572,0.000144463916721749,0.00376773158674354,0,0.0124139807373285,0.0123559862840921,0.000334077290665595,0.000346632847854487,0.000918442471280385,0.104495351240039
T>G,CTA,6.70739476024096e-05,0.000435507721122121,3.82266654077814e-05,0.000325229930726482,0.00256631642347202,0.00692430529277772,0.00330396051285788,0.000688413632742595,7.44265815619628e-05,0.000382100608983808,0.00170137896377128,0.00205779538489878,3.80734282521189e-05,0.00184872009807171,0.00373183360556141,0.000481480310372717,0.000951005196839105,4.27189428954911e-05,0.00439529353519902,0.00142708683415549,0.0137130056228489
T>G,CTC,1.32205731215171e-05,0.000978416848811321,0.000181514197268611,6.17420660137201e-05,0.00600817206315696,0.0105180593859404,0.00419089013943449,0.00278073489200324,0.000466144319236299,0.00374853567228627,0.0299861586932093,0.00191869635411422,0.00194670187192969,0.00321097331339843,0.00588170218747109,0.00183046992024174,7.52526253496851e-05,9.73956328843539e-05,0.000786910766240879,0.000828309166245167,0.0199875181447715
T>G,CTG,0,0.00116894533799496,0,0.00309181019605603,0.00988273816183209,0.0166780882980675,0.0031948447949253,0.0037622826336883,0.000177238469091536,0.00196070477110058,0.0134748312504962,0.00242598665936384,0.00310228186426684,0.00183451437735704,0.00135051757039037,0.000255744565792356,0.000218199451337868,0.000105209888794953,0.00750266266521066,0.00232042833296873,0.0104995501507074
T>G,CTT,8.30453200251213e-08,0,1.18935655336827e-06,0.0010254446015324,0.00420061851164207,0.00157614934032906,0.00160687278902872,5.16622895057764e-05,0.000517440492332062,0.00890033277981257,0.574921528697014,0.000590223113846159,0.00237907427192969,0.00663578656211701,0.00247060333722629,0.00324848214207294,6.36596087133512e-07,2.40350112257204e-09,0.00133656027597432,0.00912712209561878,0.0171856398239234
T>G,GTA,7.7230741846383e-05,0.000246681098651607,0.000110521057158599,0.000300657223397138,0.00322107510641217,0.00716244516894221,0.00238955961540341,0.000413630301409285,0.000163031011470594,0.000254666797209211,0.000359335520042805,0.00190240276628174,0.00073153934412403,0.00201823862347317,0.00238641464617103,0.000707580600574147,0.000120766109480428,2.55981084848145e-05,0.00213969627395272,0.00224900677538548,0.000253880143536801
T>G,GTC,0.000115799754096315,0.000325508587266086,7.53931374902095e-05,3.87560263580713e-05,0.00277710408205166,0.00325556942494586,0.00360935884062201,0.000325076932058437,3.35456001394924e-05,0.00110736628292671,0.00581609020242468,0.000900123934552539,7.81832076248627e-05,0.00102873506437169,0.0013812911696732,0.000267574720587618,3.67341623637623e-05,0.000142959561522744,0.00106865141274925,0.000415731299577368,0.000479360930988833
T>G,GTG,0.000165535176425904,0.00300872613908723,2.48667260545155e-05,0.00182307228911668,0.00768923960160464,0.0172827172093093,0.000669920601459518,0.000833097093563993,0.000642109658438131,0.000924758642143604,0.00131161106961635,0.00225338530726731,0.00671235180459917,0.00248050047501726,0.00609532043803483,0.000698687220283318,0.0042083874065429,0.00109153399651404,0.0023356174636865,0.000937167133993171,0.00354125400655903
T>G,GTT,0.001038838463719,0.00209567938465625,0.000152137096513464,1.83083973561121e-05,1.81555470044259e-05,0.00595535425236449,0.00199164526432767,0.00271790925879038,0.00031540465910949,0.0148045076925372,0.115017473184886,0.000128006423696109,0.00123474168742436,0.00626005675057354,0.00671080064959824,0.00613121989694548,0.00669846943579614,0.000142086388223106,7.05890901737183e-05,0.000511626536271814,0.00588342811535767
T>G,TTA,0.000109859537506054,0.000532785077375593,3.30429741046601e-05,4.61242303572362e-06,0.00432322854408994,0.00842113646678627,0.00860469677485526,3.19829146974371e-06,4.14163290111561e-05,4.08665033137397e-05,0,0.00154953996238547,8.48906609687974e-44,0.00329859713939413,0.0217587652243674,7.80102800490568e-08,2.2956535162863e-05,0.000288529144229948,0.00245975375000853,0.0358683774741075,0.037500474434346
T>G,TTC,5.83132901482486e-06,0.00132716560503468,2.72433524924054e-05,0,0.00761093477718532,0.00715896449517459,0.0179270170256495,0.000554250524146482,0.000511883169092911,0.00100114375409088,0.00802783486433327,0.00329356115544215,0.000898300702601773,0.00407033982343451,0.0170893606171012,1.20747317685499e-05,0.000456093203483761,0.000254122050810111,0.000347408937533347,0.0136695726111725,0.040036934800446
T>G,TTG,0,0.000968184834928252,6.89636148308637e-06,0.00226114722667262,0.0117893065698445,0.012010319121182,0.0119508867058903,0.00199907606234774,0.000755287457614031,0.000657339761157008,0.00441579153528437,0.00176975217429572,0.000462763917734961,0.00218107986834447,0.00803809568751603,0.00145580529293511,0.00055442850192776,3.24718100673155e-18,0.00460286721237935,0.0163328800248564,0.0124442452192307
T>G,TTT,2.53980580453563e-05,0.000268606926379526,0.000124430856201594,8.1355606874779e-05,0.00127542434444647,0.00407453957114194,0.00163846270774885,0.00782059785909951,0.0010299593528156,0.00615103779453384,0.110459630526602,0.0018537663080208,3.56920988850391e-05,0.00445697481571643,0.018019335065037,0.00664853232679889,0.000450528922994251,2.01599501536975e-10,0.000334546897364901,0.0543068037094781,0.49305236518383
