Mutation type,Trinucleotide,SBS96A,SBS96B,SBS96C,SBS96D,SBS96E,SBS96F,SBS96G,SBS96H,SBS96I,SBS96J,SBS96K,SBS96L,SBS96M,SBS96N,SBS96O,SBS96P,SBS96Q,SBS96R
C>A,ACA,4.30460160714693e-06,2.28244702765358e-05,0.00164695775019936,0.0479983791336417,0.044443883150816,0.0229799290560186,0.00904617025630852,0.00771274848841131,0.000472898795472993,0.000790371633866016,0.000676987085898873,0.0564577874541283,0.00451220044866204,0.00184267956647091,6.88612195742898e-05,0.00105726384004811,0.00349010865662891,7.32797318540193e-05
C>A,ACC,0.000102304021256568,0.00058177684986731,0.000367114278196823,0.0383889808692038,0.0137470379192382,0.0226453904993832,0.0112267010430714,0.00634283613413572,0.000639090070544626,0.00160504287399817,7.65101627940723e-05,0.0172953951358795,0.000323586682481585,0.00144300337065943,0.00065823840603116,0.000720213427994167,0.000990832858702813,0.0021485733863665
C>A,ACG,3.57137460979828e-05,0.000172042146686003,0.000105319289896215,0.0180249350331724,0.00319872373249382,0.000424805455477326,0.00344656812863184,0.00137282073432289,1.41713989849576e-05,6.45159877597834e-05,0.000109826543841791,0.00141184143684768,0.000114878690176283,6.60249080402897e-05,0.000264911079430021,0.000122915608523391,0.000223548428708797,5.55382877280456e-05
C>A,ACT,0.000202171224128254,0.000320301514903003,0.000592050423729233,0.0350475976616144,0.0193884615600109,0.013793824724853,0.00580585813426391,0.00181963202274616,0.00688300824258477,0.000673625863564666,0.000237270010111388,0.0228241541422904,0.00108013851655414,0.000240535715210779,0.0038543188222684,0.000269222295496769,0.00401890666456966,0.00452612471883185
C>A,CCA,0.000520250797781046,0.000104987568155903,0.0013933458271822,0.0938552264124155,0.0162593933427706,0.023859614059329,0.000366774172767185,0.000316203631235217,4.59472089061631e-34,1.78884394683051e-05,0.000225310697926106,0.0841865028440952,1.1945322912652e-05,2.73047928408555e-05,0.0133819484617561,0.00146653567557223,0.00150121692232794,0.00537375001236796
C>A,CCC,0.000148210239996336,0.000354298012165419,0.00110606741523964,0.0984239086508751,0.00544534029922663,0.0257718408852816,0.00132061527431294,0.000142456193405929,0.0280068895034492,0.00182137596653774,2.83118673921235e-05,0.0120772359357215,0.00185303122154437,0.00134999830508605,0.00305038081482053,0.000480647054027941,0.00462268549599716,0.000252650560653913
C>A,CCG,7.83306900302705e-07,0,0.000299160711219884,0.0293916276469827,0.000328456355637172,0.000104140939642377,0.00575463506858796,0.00148214577842116,0.00359125815099105,0.000103464583173328,1.28744871580011e-05,0.0125982243381441,0.00176670131040737,0.000357805871026358,0.000285127063075385,7.82192424164663e-10,0.000442439539302629,3.94744709774386e-05
C>A,CCT,2.87197998688003e-05,0.000474435017463449,0.00158776596785174,0.0877148526906967,0.00834010430156649,0.00566008123103529,0.00012271385009231,1.91280618309975e-05,0.085909006819129,1.90124353015037e-05,9.58166301159362e-06,0.0288376190140843,0.0126583440881222,6.22771877312784e-05,0,2.49150071240933e-09,0.000863114747443517,0.000255067651160061
C>A,GCA,2.11507365920256e-41,0.000154936976796307,0.00048469065426616,0.0272731006378308,0.0131932843104005,0.0054560738732107,0.0108317754441669,0.00507302007754333,0.000954009080887772,0.000989494140158058,0.00112157818104606,0.140964269042015,0.000254415526068661,0.00259216226637363,0.000176458820491057,0.000431209662306847,0.00295176533058111,0.00755936423782259
C>A,GCC,0.000220498815288011,0.000134516947390558,2.22096510697156e-06,0.0424649692373595,0.00953385568689555,0.0110963325016201,0.0111927356284097,0.00948193538521051,0.00431132439989597,0.000416255067448805,2.36978632983664e-06,0.0178936789929867,5.61959783207439e-05,0.000800473636263632,6.23867654393515e-05,0.000196854723981232,0.00203567036896857,0.000631436540477115
C>A,GCG,1.08155080142733e-05,9.36875273821331e-05,3.77881451527173e-06,0.0177993473317474,0.00224627526127733,1.34470299963141e-05,0.00388087961366325,0.00214040378923528,0.000375788993769675,0.000681784453372529,7.9648627838651e-05,0.00830395421944559,1.91500657820143e-07,0.000121460271613301,1.72912727384755e-05,5.1203591202551e-05,9.05885808242602e-05,0.000895235772186425
C>A,GCT,1.80524106774271e-11,0,0,0.0188344018825161,0.00903255136450753,0.0110353456437588,0.00482329238904641,0.00559997178672347,0.0109824583027512,1.3266031478878e-05,0.0005075643377495,0.0804355075955391,0.000206079243779425,7.28676766271977e-06,0.000109396722623825,0.000226341713659816,0.000274378239666239,0.00418471974378917
C>A,TCA,0.000322447333655873,0.000471266493098243,0.00230585758690722,0.0409491512179375,0.0381623366475105,0.00111525759750587,0.00283246215130173,0.000338243508451426,0.00129144785169046,2.23551554982502e-05,4.40421908855906e-05,0.0866781345009804,0.00160646432312205,0.000212455647619182,0.010644472502172,0.0787400625646114,0.00395206881942723,0.00364271267433651
C>A,TCC,0.000404658041752555,0.000281697272174597,0.00348533121170476,0.0511881962791085,0.0263710158132017,0.0154905444663018,0.0073234655469827,0.001782979649398,0.00255034035886638,0.0021251033525914,0.000190714965184728,0.0489996967837215,0.0132837828248739,0.000746596354911162,0.00786113536451012,0.0314232970029116,0.00113943441195197,8.74018960166723e-05
C>A,TCG,1.14590447583396e-05,1.54452160472829e-06,0.000195005278364988,0.0119858103338629,0.00344452696852386,0.000115431711541775,0.00391429674658866,0.000680852230382186,1.30337780955732e-05,0.000427136561637291,1.71422672904242e-05,0.0151506898924708,2.33564365771599e-06,3.93326122031115e-05,0.000152605280477734,0.0111645139195025,0.000397939731502352,1.45570939639583e-05
C>A,TCT,0.000500737428155844,0.000830211530992528,0.000900660730258096,0.0351754578435794,0.0278655706997961,0.00484152049873956,0.00729471012227271,0.00102511828101039,0.0180980280786753,0.00188153814029647,0.00277961764484644,0.156541844457388,0.0035493302741088,0.00125016763573512,0.00108799189707497,0.0352560414373875,0.0106504187600888,0.00561674257469563
C>G,ACA,8.0772811147231e-05,0.000148437294317609,0,0.00679792703129351,0.0134195982571691,0.0306850337795913,0.0106296474463864,0.00540530038008001,0.00460272641619667,0.00223560703336261,0.000231046907674681,0.00104067548760213,0.000818698939983733,0.000659668197622523,0.00122448676382192,0.00345022740308195,0.00540649437794855,0.00407179999048822
C>G,ACC,1.6005452982378e-06,0.00013530545789763,7.98126016661627e-06,0.00242131367383991,0.0113346340600401,0.0187188707105815,0.00459009899213015,0.00292627454706235,0.00165532080223784,0.000996454152045771,0.000115517678006096,0.00355240810429677,0.000462254668600508,0.000417688102843385,0.00257854683557525,0.000932942787185311,0.00203858423212189,0.0027438769797825
C>G,ACG,3.74173848968003e-06,1.57730188220739e-06,0.000620613152568694,0.00131920874024217,0.00411175800487399,0,0.00217175582773052,0.000891198049903326,0.000497365741466638,1.14927005271699e-05,4.54883862084898e-05,0.00229853021563031,0.00029503818750527,0.000488567719876301,0.000709724833432119,0.000289533978284453,0.000402698267150758,0.00112937423498806
C>G,ACT,1.82012996606318e-05,0.000334128301547025,4.73198995100432e-05,0.00289973518592888,0.0206575499288738,0.0256568996235728,0.00956108914222568,0.00443220341071537,0.00492751625366509,0.00160800449782982,8.28763641857222e-05,0.0053774351766333,0.00221004247898236,0.00037492819156796,0.00385452226968482,0.0043286717007868,0.00410984736759971,0.00399982427479699
C>G,CCA,9.56985371019684e-07,5.99253410432219e-06,0.000438698605285026,0.0089339768094942,0.00461310677843952,0.0300585502386093,0.00662609233062881,0.00319883272633888,0.00115151571051683,0.000154652192881432,0.000146504877502593,0,3.75271980316727e-06,0.000701694591116393,0.00154182764468715,0.00621954096015543,0.00231157804288159,0.000153402050813886
C>G,CCC,1.01909735818471e-05,0.000286738671423017,0.00108334464661311,0.0075739937229082,0.011312896036543,0.0212765603326261,0.0108138997212518,0.00471037600771524,0.00156060361245181,0.000402260939824597,0.000104669651946097,0.00306984762428328,0.00195795730571263,3.08323051740444e-05,0.000398032637504079,0.000573261429162812,0.003557314669888,6.66327779386683e-05
C>G,CCG,4.34277360309102e-05,0.000159410386240779,0.000678402833000291,0.00346599113661796,0.00187976802350022,0.00172947476501577,0.00354368546908518,0.00150188313400577,0.000247522727136129,0.000407603405657462,4.41142074123491e-07,0.00458421575371176,0.000291336000768752,0.000465876226953697,0.00144146297185216,7.01856148902816e-05,0.0019351023146956,2.28192693274482e-05
C>G,CCT,5.37815599748107e-05,3.47333243313619e-05,0.000744760280940682,0.00702098244801164,0.0174808899313211,0.0334814866445959,0.00720268856272014,0.00606996424263343,0.00158315691747703,2.47814047264034e-05,6.76390756997331e-05,0.00379722895100713,0.00444917384535074,2.6068353809783e-05,0.000587292654381599,0.006669458639808,0.00171574285417619,0.00222216662485152
C>G,GCA,1.36263419015847e-05,5.03182210486876e-05,5.26347034501384e-06,0.00592863389290869,0.00294806752344475,0.0196627563051879,0.00452891714388898,0.00175532663307345,0.000765838303486817,0.000266007431831686,1.61010622386261e-05,0.000482651683620762,0.000164886672433881,0.000977095413836651,0.000327649782229855,0.00136194927210454,0.00240022081838106,0.000635556963548304
C>G,GCC,2.08930049341119e-10,8.16965825897594e-05,0.000333240235777339,0.00659746576566249,0.00592953702900559,0.0128007130790502,0.00492724376701517,0.00299638189724647,0.00201497501228005,0.000637735567932874,1.13657807839512e-05,0.000578544449308787,0.000623584245622624,0.00138936078292318,7.31609097329056e-05,0.000526693130086642,0.00392331810304313,0.00224868840887211
C>G,GCG,1.35297013798668e-05,1.47387541601027e-05,0.000408735621604137,0.00389166066423059,0.000872534431691747,0.0034041128330864,0.00182111643444068,0.000449719370666085,0.000280756972133531,0.000259906860810588,3.9941781958921e-05,0.000350425713004371,0.000103901569111713,0.000113228543673358,0.000582102518383181,0.000217823899845371,0.00044222235621542,8.06849361892896e-05
C>G,GCT,7.21045162208611e-07,7.99812984095095e-05,0.000301544843241572,0.00281011578976177,0.00560408209334128,0.022298401966691,0.00691075921316951,0.00412705894559622,0.00245950297219679,0.000231038791167939,5.20546348070639e-06,0.000949098620476434,0.00131009193602949,0.000624340820359066,0.00100471403071424,0.00303727794671431,0.00331814179968205,0.00104668786829596
C>G,TCA,8.03286148709561e-11,1.46480963937286e-05,4.76242254962348e-05,0.00171127610781696,0.00185062825075209,0.0134285819740035,0.0118152585506453,0.0036859279205847,0.00141405260672988,1.55309223017084e-05,0.000111580441898764,0.001797199746361,0.00174466049764305,0.00336857465561479,0.00372069235192612,0.29919401422143,0.00497550694494775,0.000830809578394605
C>G,TCC,0,1.13918224542431e-08,0.00153556358651258,0.00528604959137738,0.0150563472416252,0.0287037543766201,0.00494530369556743,0.00452852649381384,0.00147376814275049,0.000273835360367626,2.27298982209646e-06,0.00413549600867555,0.00453390125418082,0.000652675920282491,0.000235187791795397,0.0666149480640888,0.0027029552994108,0.00329886970168445
C>G,TCG,0,1.25339107581368e-05,0.000278370177984471,0.00221238043741323,0.00211786728701554,0.000132304524733017,0.00255154535509064,0.00113242251936754,0.000314543694184977,0.000120265684611625,2.17624013839668e-05,0.00123416164948139,0,0.000403487202092947,0.00107573218643665,0.0138776877336204,0.000142828541005502,2.86815179242694e-05
C>G,TCT,0.000510106086003361,2.49240499426829e-05,3.66321086178239e-05,0.000656225416782915,0.0137944580148906,0.0252501767128706,0.00210517242601265,0.0116983250202611,0.00264230994187528,0.00239454934431706,0.00146183691977058,0.000125397288553304,0.0137081903778017,0.000714668245356804,7.57382227550047e-06,0.38460285961628,0.00496328580313402,0.00361908901133594
C>T,ACA,7.85497903052601e-06,0.000455137449617305,0.000810579405515455,0.00812261924613267,0.0270162809453905,0.0137278406426776,0.0442265067998664,0.018616155856289,0.0885594812780619,0.024441548846662,0.0016148005775176,0.00636510603362694,0.00194970649085008,0.0026324385846965,0.00313337048050016,0.00835192338097841,0.0118314036607626,0.00845429052133113
C>T,ACC,0.0225404383521527,0.00194370096243802,0.039212331995368,0.00365626157906676,0.0147641474660486,0.0158754451014102,0.0220810251390804,0.00813294521882199,0.0206398490443826,0.0054757225420326,4.17491799406619e-05,0.00360972886672244,0.00851965344510973,0.00238516956102103,0.00498307639034465,0.00011697603605683,0.00264384008975397,0.00202252517439371
C>T,ACG,9.2467398981299e-07,8.1121547554363e-06,0.000602360236516688,0.00205896749568637,0.00677147426176816,0.00613477086881176,0.0004575339023772,0.000404955441846067,5.56808504443176e-05,0.36884150326252,0.00438989851497716,0.000457868101075292,0.000158298949529603,0.000207831095904174,0.000917004763885093,2.17190490481972e-05,0.00133330786466316,0.000879569844692014
C>T,ACT,0.00865398862049915,0.00378506329958327,0.0116970559582114,0.00306630226550624,0.0234599732980132,0.0136372443381697,0.0327735442158282,0.00875201349876765,0.0280163050815463,0.00961686498485506,0.000824833117076196,0.00800698372069746,0.00818347512744367,0.00114480395975988,0.0286644660681486,0.0002286693410432,0.00375629394816208,0.00878580278949812
C>T,CCA,0.0628059661760926,7.0467412089227e-05,0.121463389992714,0.0140146771911532,0.0246240229159594,0.0156789449881762,0.0118129351548853,0.00821149226278067,0.00446169405942783,0.00345192901673727,0.000364856480446179,0.0073018571222201,0.00513301408151165,0.00177446410001721,0.0500653171911836,2.45380134742928e-05,0.00520647420786445,0.00557341826730408
C>T,CCC,0.0614311570301652,0.000141402422450483,0.216730337589979,0.0116485126735643,0.0154004590514992,0.0187574631115422,0.00611303310580826,0.00842758997831898,0.00520216335002648,0.00015983945505287,0.000130077167324379,0.00259487077972961,0.00571067723329179,0.00177825833496172,0.000242702911855304,3.11421871628857e-05,0.00826554010637204,0.000177366709259707
C>T,CCG,0.00647911216598004,0.00329188064933987,0.024558507502079,0.00269165673933458,0.00281056487001479,0.0031996548268944,0.0239549527497733,0.00544179412653889,0.0117112321220338,0.188249726295471,0.00603203755337745,0.0146587771736085,0.00994213401339948,0.00234007610823028,0.00494428802514449,0.00192596835142467,0.00687099581991788,0.0120086576836184
C>T,CCT,0.0698122508451343,0.00125995709431513,0.146201015114784,0.0188238532096148,0.0225848929025233,0.0260186195373535,0.0160854249901604,0.00827513818512671,0.00723332090768963,0.000138529067063689,0.000258865960754728,0.00149045304943327,0.0256063340418041,0.00206491284479853,0.0101263450342231,0.000683925190278103,0.00827422861184459,0.00181412025032271
C>T,GCA,8.28340981730958e-05,5.54592254255327e-05,0.000220769425559447,0.0028429384687738,0.0144528640341014,0.0211289333645254,0.0225210482605326,0.012103259023279,0.0853253374993801,0.00386103495024145,0.000192892289478369,0.00643726046895608,0.000112591284485692,0.00245350718032569,0.000752062959597798,0.0076079030893743,0.00340196823862232,0.00623618406709284
C>T,GCC,0.0133367722807452,0.00178391985886265,0.0289434825256467,0.00318154457432684,0.00992816727608442,0.0152075118618086,0.0267339932220057,0.0102489519841038,0.0735542091727257,0.00134471542668109,0.000113904831260425,0.00429083632305264,0.000631564822124346,2.48992876200021e-05,0.00349448211607523,0.000215579576797609,0.00499967195173667,0.0070209742593579
C>T,GCG,3.25093658879113e-06,1.94955162300281e-06,1.53326773620692e-30,2.27173221448217e-07,8.38090379205421e-39,1.06683422595431e-29,0.0124230452810692,0.00363216119254503,0.0532893505319953,0.215755195319653,0.00615022759186104,0.012068291939795,0,0.00163603085669713,1.87447183313961e-05,0.0019407765430585,0.00158856167066491,0.0114523220206866
C>T,GCT,0.0235261129587889,0.000823385853390322,0.00402483600626169,0.00258250863364083,0.0153722615726292,0.0100779206780135,0.0205925716646016,0.00764401835825993,0.0669545293599367,0.000246272647925862,1.9646385244414e-05,0.00286455252789892,0.00167909142444842,0.00115881461184472,0.0403782173618674,0.00171640234417282,0.0059520093165338,0.00385911767923972
C>T,TCA,0.119666250587823,0.600704025030136,9.98932106876423e-18,0.00277752266532547,0.0347515957879848,0.000261549820153713,0.0208684206032904,0.00641654193657735,0.00233899958162764,0.00136286576522052,2.84591703065901e-05,0.0065801778778746,0.018314811186865,0.000316373426511713,0.000281538366532292,0.00242954390393071,0.0105742255297012,0.00141774212727468
C>T,TCC,0.468495630025864,0.0677947746359132,0.153664049506187,0.00655350808170624,0.0159097946243292,0.00103824758119705,0.0339633326712862,4.17102257664166e-13,0.000181363550204859,2.14187021511465e-05,4.53939891960049e-05,9.54297278077584e-05,0.0142519417498261,5.95920317899922e-08,0.0885275480058044,0.00234119369808692,0.0138360681134509,2.62614071269259e-05
C>T,TCG,0.0938719547446817,0.0460655042744646,0.0562509630278976,1.60196769849593e-33,1.89208923846994e-42,1.08071892464091e-05,0.0204287806531105,0.00446916502916464,0.000280693481484447,0.100926710441709,0.00314540779858362,0.0103891408928542,0,0.000340252734869641,0.00602341535953917,0.000817531383474979,0.00885209193354979,0.00349353532772511
C>T,TCT,0.0248398321119414,0.254905008332852,0.104962401427056,0.00584202027313986,0.021714041963754,0.00222298643957273,0.112802065468874,0.0117719764728099,0.00420752974799991,3.75662606363291e-05,0.000400143951886255,9.90733578340569e-05,0.000590612777156517,0.00147777745878557,0.0332350088647251,0.00342324538718483,0.0384493760884828,0.00438280364083774
T>A,ATA,0.00256248464633245,0.000263534837793455,0.00215402250760235,0.00512613794649951,0.00979320912156254,0.00171096814812315,0.00784405362181133,0.00724371304037049,0.00507649310864508,0.0012592920838506,7.75115733358692e-05,0.00103987364553177,0.0129775323811919,0.000985044808476232,0.000377470913399277,1.9452403582165e-05,0.0487473034445429,0.00156981733913199
T>A,ATC,0.000498373003210872,0.000954394854640879,0.000375775984895042,0.0032798454654403,0.00464534454746172,0.00934772717766464,0.00835120052564911,0.00721300410572439,0.00268382428679615,0.00341681933496147,0.000258766235492658,0.000364679534432075,0.00302309538703412,0.000650604523543734,0.00158601387229282,0.000336254693647788,0.0083041638857685,0.00082232430774031
T>A,ATG,0.000702646292629652,6.56109990353098e-05,0.00164840485784225,0.00916961838200223,0.00873733122367412,0.0100959202833474,0.0122299724268305,0.00595303679467179,0.00181466242240276,0.00127955906587886,0.000124193314102917,0.0017930845025694,0.000130071783241805,0.000314803651035618,0.00284461442381144,0.00107983946356399,0.0435844433313468,0.00129018352652565
T>A,ATT,0.00408465738408268,2.39360835795017e-05,0.0085292310686782,0.00410826155915856,0.00861357584130019,0.00100959293544293,0.00431897904526384,0.00269183012103895,0.029581695292145,0.000334914284439429,0.000545145748910727,0.00385509166168049,0.0636484433710575,0.0011585861290223,0.0323919262737036,0.000790499077556888,0.00919073384697973,0.0252764535183087
T>A,CTA,0.000200131163437792,0.000141308882213257,0.000587775348831201,0.00498766477401651,0,0.00419230854221216,0.00232173947175635,0.00166056359310609,0.000458085301767826,2.43118124638646e-05,2.40375177419023e-05,5.35564386576994e-05,0.00338392533129081,0.000104203963960753,0.00183501397958025,0.0001059950321301,0.0876341390388552,0.000164590998465775
T>A,CTC,1.97204641335706e-05,0.000419554798754689,0.000743464172701351,0.00651213133824058,0.00551899750716984,0.018345945244655,0.00118973898396272,0.00343648427398875,0.0028821460204199,5.98984810073753e-05,0.00177477993536741,0.00193456448207144,0.0141383241210133,0.0387156483158469,1.73526515209232e-05,0.000257230496222605,0.0553156588078127,0.000613585339283478
T>A,CTG,3.80198484041901e-05,0.00022413553381415,0.000399191333019378,0.0198248054645956,0.00231734085538392,0.00534772203071475,0.00138443472133467,0.00154758497898001,0.000965832651118061,0.000433504249486172,0.00031692778397365,0.000706409592853755,0.000138971761985841,0.0115350326150656,0.00168400195019785,0.00040085687723149,0.147801891869726,0.000277215557304196
T>A,CTT,0.000293064931538538,0.000438362548228923,0,0.00835806453600526,0.00708877131808549,0.00933067655656487,0.000358173907879973,9.12627207058026e-05,4.11028366897881e-11,3.67538088539732e-06,0.00720188142266125,0.000713024475207931,0.0474823903292418,0.0718898022919893,1.07285828587484e-06,0.00046222025899624,0.0480920321220765,8.10293734200406e-05
T>A,GTA,0.000402618033540421,0.000430446588361521,0.000336409659794299,0.00651146178483032,0.0017751005262835,0.00758357666898519,0.00321011884025211,0.00229317269288003,0.00176156343659386,9.74985267827711e-05,0.000145546512212604,0.00114576880732784,0.00163808950339444,9.739337097199e-05,1.16667768452317e-06,1.64158695622874e-06,0.0325980547699414,0.0008993522223318
T>A,GTC,0.000243655188241974,0.000202581733792613,9.58371828164672e-05,0.0026257194642676,0.00271639680140652,0.0104391207545996,0.00210359900790634,0.00197327416855842,0.0026641425373964,1.35501847027419e-05,0.000339635291165905,0.00215077449101955,0.00263018130324781,0.002941695000045,0.000160608943569969,0.00023021672910545,0.00950559080289104,0.000418637958819093
T>A,GTG,0.000237648137808719,0.000240539465521518,0.000521339563129004,0.0135125427879393,0.00222180115567426,0.0149425356369466,0.00253142115423543,0.00238148209755309,0.00286520340712741,8.90865079208414e-05,0.000190943372654147,0.000905518380459398,0,0.000578905384172685,0.00121924501669128,5.94054351496454e-05,0.0228075487314345,0.000451046692984264
T>A,GTT,0.000368194498296361,0.000142304049543972,6.34906768073475e-05,0.00537154138553888,0.00303916700853733,0.0158823948632926,0.00107586381320289,0.000742999320585428,0.00352223676396534,0.000160292397559782,0.00153409090824425,0.0029003795934841,0.0207482756860554,0.00490194621495903,0.00771119007375091,0.000629941850929754,0.0057593710126821,0.000841465775764185
T>A,TTA,0.000136024530911527,6.67614683108829e-06,0.0022241083800327,0.00266814481679577,0.00506323819368845,0.00127471120731599,0.00590999108354551,0.00367038297030376,0.00555681236088276,0.00844602386001498,0.000797550081188092,0.0098572273273021,0.0229911213368177,0.000370895869273229,0.0137832159548998,0.000316211845998272,0.0670246524302638,0.0502680946118198
T>A,TTC,0.000250204279909667,0.000224214565962529,0.00219048496335745,0.00203333825418667,0.0126825997978449,0.01086738971062,0.000630546752192459,0.00552981317276135,2.24599246028136e-05,6.43848567460827e-05,0.000240246914127056,0.00172406063589733,0.036268019489944,0.00547531947027892,0.00100471461191773,0.000485391570251181,0.0200357558343275,0.00381286915158853
T>A,TTG,0,0,0.00152963424916379,0.00689225574955344,0.00582809800282121,0.00437729996396229,0.00483597536729096,0.00315618395747151,0.000822265202732524,0.000323761743228772,8.18720699612641e-06,0.000990306108578807,0.0133530981186777,0.00156954424572177,0.0044966111634858,7.91518441973156e-05,0.0379102487489581,0.00266911323080421
T>A,TTT,0.000332400029426204,0.00157813413185067,1.82051903690272e-05,0.00482431674454537,0.014496539644897,0.00125295668037287,0.00319177974201267,0.00493490868388439,0.0127133208606392,0.00178337400268447,0.00154366733971983,0.000893417481056804,0.260779627412558,0.0024374205528585,0.0255471415445209,7.11617725710195e-05,0.009753153918831,0.00639362260334984
T>C,ATA,0.00040487008569701,0.000528369496739085,0.000587758085457608,0.00644285275135189,0.028822772372514,0.0135061057237908,0.0696533619609545,0.0770194229111075,0.0236019553244114,0.00093749595173537,0.000260539549799432,0.000185575716049895,0.000771348793854259,0.000412269986661336,0.00428511758567765,0.00192392155702692,0.0241821545639687,0.000612684456097443
T>C,ATC,1.7067547496481e-05,0.000589336921329959,0.000313954219236621,6.52368766168367e-05,0.0104391335276887,0.00750500497524627,0.00897615908063017,0.0369391829706729,0.00427837605355307,0.00373844336718321,0.00014652432560262,0.00266234700102359,0.000461302864441677,0.0119614781066775,0.00447713235393167,0.00035247097042884,0.00254616726801032,0.000137261549613114
T>C,ATG,1.95102050121681e-05,0.000405492997576533,0.0012672565568937,0.00463917508222721,0.0237808601558208,0.00951023949775845,0.0441804836511451,0.072395693436265,0.0349843578785658,0.000251149056192653,2.25861638696312e-07,0.00268272054905538,0.000472484630214467,0.000859886777943757,0.00935449690092355,0.000634249008965035,0.00795289140166915,0.00017921009581471
T>C,ATT,0.000671395793337979,0.000542007302431988,0.00184305491682608,0.000800587197363014,0.0272044130600989,0.0185374482255429,0.0466662604311342,0.0647540298849344,0.00373842446459185,0.00611686399206519,0.000205703028786238,0.0047018769918941,0.00259009307832457,0.00947342207655311,0.0473170457407832,0.00173481974750757,0.00354778801357529,0.00460252094664611
T>C,CTA,0.000484659817448119,0.000150406086214732,0.00128293975489214,0.00504006154835224,0.0153713873028755,0.00765025470405817,0.00734007445629686,0.0365239010006189,0.0141398373246193,0.000561988200671272,0.0004089989924978,4.29089103389347e-17,0.00727105733472854,0.0110505524836481,0.00943257413804531,0.000227898963421467,0.00585127068217844,0.00166103937481239
T>C,CTC,0.000254927664864226,9.12693960345106e-06,0.000680265245900955,0.00175964896974619,0.00738426248542965,0.0117253581434488,0.00222930008058418,0.0264647039026022,0.00216521882964797,0.00318919167504646,0.00159917015399655,0.00283704663801473,0.000102574840302623,0.173369885385036,7.18973779557036e-05,1.81389699357359e-05,0.00200473523871324,0.00239833754595535
T>C,CTG,0,0.000164167865311935,0.000389019719586941,0.00535945197858496,0.0111812657443807,0.00622857541049598,0.0216586011563049,0.0341126397624612,0.0338064436987042,0.00034325826421955,0.001750263934955,2.15367789490695e-06,0.000529569174614153,0.0928470055758953,0.00158349424367771,0.000126262966968274,0.00405359845899511,0.00135260865462672
T>C,CTT,0.00174963722063694,0.000182934438168974,0.00763057657051832,0.000988600461104684,0.00235592614891343,0.000630328642925773,0.0102072640265531,0.0143787183205131,0.00539249046240002,2.01484142854949e-05,0.00689142263261601,0.00456070807093056,0.0273818342015147,0.415128022134304,0.0323017582111061,0.000123146025568119,0.000615628422921667,0.00130207621568162
T>C,GTA,5.07663216885949e-05,0.000163864737078453,0.000102702639524068,0.00261127531528473,0.00433896790367726,0.00994360058713937,0.00411290036052528,0.0542356000095606,0.0243653376214206,0.000431054501448936,2.36496602249834e-05,0.000143435045076127,2.51638212830585e-06,0.000203837238309408,0.00083650421467226,0.00014050723164722,0.00397407349722926,0.00107602326708729
T>C,GTC,8.21863589137802e-05,9.26696190339207e-05,5.79009065404534e-07,0.000510062446628581,0.00483984938822687,0.00639123709639534,0.00541962588678177,0.0228109246585518,0.00140512261281401,0.00224357525585219,0.00101816277834587,0.0028658521361649,0.000157958299775802,0.0141254385374486,0.00195083632948808,0.000238403828129776,0.00343642077692493,0.000607380980711703
T>C,GTG,1.82276128197145e-05,3.92014558695407e-05,0.000461924739211099,0.00184170689568397,0.00344599848453072,0.0123768448550254,0.011402248295722,0.0372412242181599,0.0187794013880193,0.001504201478092,0.00110422531724907,0.00500109724700451,0.00026805467662598,0.00385764327133074,0.0025865930703003,0.000229168677387863,0.00297478381135079,0.00117154089561235
T>C,GTT,0.000339594301061174,0.000246694147948569,0.0064611163032752,0.000113775301533752,0.00257790635499019,0.00201579598978134,0.00368460719409153,0.0244367643259528,0.00871361923291911,4.27234862542512e-05,0.000476607275002622,0.00185617545123425,0.00550166396889836,0.0052472147536173,0.277305834591389,4.27056414231686e-09,0.00195432265946966,0.0028907959284123
T>C,TTA,0.0022310985904187,0.000681690870082116,0.00490313763264567,0.000918303540993928,0.0030944494752854,0.0123067771433853,0.00544657862740002,0.063287946768105,0.0210770511068404,0.000196801010229997,0.00066416178829968,0.000261727881083362,0.0369585113972425,0.0010742169921979,0.0673508102074266,5.65742657095747e-06,0.0126905753876385,0.0153110640612431
T>C,TTC,0.000657494988117833,6.44741667205898e-07,0.00156648603151552,1.2611503188964e-06,0.00571538408054039,0.00802024691365659,0.00210406249246131,0.0348170157335699,0.0103583139367402,0.00541598297655582,0.000907783778966404,0.00463110518758185,0.0245886112004519,0.0142403055168688,0.0121047222800553,0.000100437438507047,0.00120098064446211,0.00713927984121256
T>C,TTG,2.583803742887e-05,2.372878747029e-05,0.0039078046544455,0.00090708708317834,0.00403152071870863,0.00512348520382974,0.00926804486371603,0.0324963373318315,0.0178414323180914,0.00039712039966482,0.00104483354080003,0.00272703286726028,0.0150907485280186,0.00202740348060615,0.0210039534792304,2.08134503075907e-05,0.00732263337042241,0.00792024542577565
T>C,TTT,0.000923485191597138,0.000326654965349867,0.00320559706073254,9.14714866359691e-05,4.76896583213981e-05,0.00987510338425636,0.0105788898421451,0.0488618714734912,0.0322108665853739,0.00512286078184843,0.000489276534208329,0.000489302662491456,0.0902380262315273,0.0195742778480053,0.0344467743113637,0.000589578037470346,0.00228206366642412,0.00686806491110474
T>G,ATA,0.000442657102175872,0.000579931412721635,1.06896105546402e-05,0.000858589493145701,0.0116664606891572,0.00436333664692938,0.00382251072704094,0.0027453592477832,0.000529978407139424,2.24685235415037e-05,0.00145166245987639,0.000569156928395387,0.0108770267851651,0.000841756753798109,0.0034128751931712,1.9371098438427e-05,0.00192728158963338,0.0101608187612146
T>G,ATC,0.00013982944899908,0.000234789326709688,0.00106717515853234,0.00010296924457585,0.0117646831925958,0.00277555003296584,0.0019742635863804,0.000803083458894119,0.000278874092073238,0.000370974395482335,0.00453415504656732,0.000525514420805848,0.000692335650965106,0.000651096149231307,0.00277878165012226,1.10379660619486e-05,0.000166023490457336,0.0135505922883749
T>G,ATG,0.000206363386860176,0.000186335688881361,0.00149527975358069,0.000825793269614223,0.0128065586928278,0.008599449461326,0.00938944028722688,0.0047955554514192,0.00126677932858001,0.000545759881192858,0.000927770650596358,0.00262459586840123,0.000448357351233426,0.00100783245638013,0.00979525827802718,3.83389168920889e-06,0.00465122302877717,0.00874466833192855
T>G,ATT,0.000309056895930553,3.20483388338918e-05,0.000341779895788932,7.01933720762747e-06,0.0284805972501636,0.000788616648720521,0.000281118330701235,0.0003380939645511,0.00142292078933679,0,0.0663002379611135,0.000177039290690564,0,0.0122151095792651,0.0123210678249598,0.000288775713873248,0.000694972927629187,0.0768664349988103
T>G,CTA,7.71019587345728e-05,2.87683454274116e-05,0.000389084196212934,0.000468348784634145,0.00350639264564961,0.006795694665052,0.00177731070289155,0.00204939358285628,0.000715095923806075,5.01456078648711e-05,0.001932721324265,3.57929496132399e-05,0.00358398106181994,0.000494077477196697,0.000958063451107591,4.44221263819911e-05,0.00369169873709325,0.011877754740417
T>G,CTC,1.10083105367721e-05,0.000289945146550963,0.000967221741448157,0.00010294325187715,0.00487874826416373,0.0101573259197176,0.00391386574337957,0.00231266179513043,0.00291532282950357,0.00043994192228638,0.0313294087350368,0.0020694927428849,0.00566593761555851,0.00187358285184018,8.19357454668079e-05,0.000139924521396324,0.000905271691699454,0.0149187702219933
T>G,CTG,0,0,0.00109500675287563,0.0029181284585502,0.00452506195055321,0.0162648866232485,0.005880909091793,0.00292202014417853,0.00393206747481599,0.000203325906620654,0.0138495786488056,0.00326659857761115,0.00140617843542714,0.000287722625970139,0.000209448309269646,0.000170137226581826,0.00696039939764887,0.00827192749362439
T>G,CTT,3.4472596780688e-07,1.81259964179714e-06,0,0.000843778002861446,0.00125589133749701,0.000638898550261949,0.00430159144963228,0.0013389921737041,3.46520717236048e-05,0.000577087543620745,0.555320209264755,0.0023511350536928,0.00284580136576551,0.00337797902509303,2.69285257672891e-06,7.49439035274691e-10,0.00206898727426966,0.0215227886265169
T>G,GTA,8.71385870511026e-05,9.26939630194831e-05,0.000223886074600159,0.000285508700293827,0.00276697884080932,0.00688693747390062,0.00229097215845286,0.00219343984150328,0.000462571569805732,0.000173254159399221,0.000343074004922528,0.000734977666870691,0.00249673310900107,0.000722218839509878,0.00012962386989102,3.92742209288017e-05,0.00225955368914583,0.000548610410587571
T>G,GTC,0.000116312632528661,0.000120498054151127,0.00033949528602534,7.53707061439064e-05,0.00346453726757318,0.00313214391004294,0.00192413277183732,0.00102755538013298,0.000369481774250744,5.64726634862e-05,0.00605559312738478,0.000116629466491147,0.0013666286575608,0.000283177666196934,4.36450404731662e-05,0.000157124401280271,0.00105110418822737,0.000296383901858883
T>G,GTG,0.000226695249839395,5.68047851607218e-05,0.00284859704319388,0.00169882765680086,0.00232721331954032,0.0165977868717164,0.00480430846221304,0.00269951005117036,0.00109842237608973,0.000641858406597749,0.00143390243989415,0.00674164464697242,0.00580646188929677,0.000724781097524101,0.0041485502733849,0.00114409651523602,0.00218372410500401,0.00253912367508747
T>G,GTT,0.00109022394521162,9.98101247309406e-05,0.00191953390254639,7.97856076152892e-06,0.00240471268305555,0.00544666457921267,1.77828122773805e-05,0.000139193911653608,0.00288181255105883,0.000306661586556919,0.121827027872205,0.00114909285373869,0.00662755258847028,0.00637011186685413,0.00664411986246705,0.000153183288880427,0.000100213912417888,0.003000539496194
T>G,TTA,0.00014457834433415,1.83043446501718e-05,0.00046866361546563,2.15667899465188e-05,0.00748138547409326,0.00852720357943326,0.00508895972739689,0.00302694366313517,1.24491038767757e-05,0.000124697051296854,0,4.57768856804819e-06,0.0232569266483188,8.03198145200996e-17,7.93672708328313e-05,0.000299142523539047,0.00562503129913239,0.0505701736174524
T>G,TTC,9.90914766876026e-06,6.4586659486911e-05,0.00126670300611295,9.70070868788763e-07,0.0160120064020157,0.00713032832369208,0.00635954719786241,0.00397303320933133,0.000681507014960516,0.000507985712244792,0.00861364026088268,0.00106596855039243,0.0172189846634865,1.37988847109519e-05,0.000487346140180307,0.0002810715375972,0.00126339829977383,0.0389950603246689
T>G,TTG,0,8.28551959784818e-06,0.000903727470431477,0.0017761252685159,0.0112214958667755,0.0117373889591545,0.00813562855564109,0.00308767150243633,0.00216756968409754,0.00118134674878092,0.00450588755775243,0.000584539966925633,0.00878980099223554,0.00146679879748262,0.00057502901805492,7.20829397323541e-06,0.0069588760798797,0.0178774233907461
T>G,TTT,2.01231426374332e-05,0.000209216027441237,0.000256112055769508,0.000203669712624966,0.00272290354848257,0.00814134260808714,0.00385547137224971,0.00386346078004248,0.00728553988272324,0.000871811574836497,0.117123684734106,7.08168057385e-06,0.0184587740898132,0.00618628417374566,0.000435463306664113,7.38280530043767e-10,0.00101038302813799,0.430019104778767
