Mutation type,Trinucleotide,SBS96A (SBS7a 0.924),SBS96B (SBS7b 0.975),SBS96C (SBS2 0.988),SBS96D (SBS4 0.986),SBS96E (False Positive) (SBS5 0.898),SBS96F (SBS3 0.937),SBS96G (SBS40 0.922),SBS96H (False Positive) (SBS12 0.71),SBS96I (SBS44 0.994),SBS96J (SBS1 1),SBS96K (SBS17b 0.999),SBS96L (SBS18 0.989),SBS96M (SBS7c 0.996),SBS96N (SBS17a 1),SBS96O (SBS7d 0.962),SBS96P (SBS13 0.999),SBS96Q (SBS22 0.909),SBS96R (SBS28 0.976)
C>A,ACA,3.28210973497181e-06,0.00165494048502296,1.9114502870849e-05,0.04803576041013,0.00833278031088412,0.0224819529987872,0.044418070986867,0.00676419080118649,0.000553021221357761,0.000788085768429028,0.000696399493026547,0.0566388010233641,0.00465977262239903,0.00183253648225218,3.56713455217421e-05,0.00100388950319029,0.00350044867118496,2.77169042987203e-05
C>A,ACC,9.34653660952979e-05,0.000359131296645501,0.000636981679999735,0.0389322658535093,0.0107291424227878,0.0226531927287579,0.0138560513127595,0.00521720631278559,0.000656077639323485,0.00161589073599316,8.36289666619905e-05,0.017257839916274,0.000376457678406573,0.00141846704413183,0.000583206483133836,0.000693166400233167,0.000711906578622417,0.00184597624924855
C>A,ACG,3.84013392137774e-05,0.000110831379879528,0.00015962353004854,0.0182638455927372,0.00305474539534771,0.000399460994194721,0.00318139390088618,0.00127994644688442,1.59511724679669e-05,8.71663650462211e-05,0.000103899793830351,0.00138707031361264,0.000127413110144516,5.22840748855914e-05,0.000258866053629845,0.000120303734928839,0.000191535540447431,5.47351143541164e-05
C>A,ACT,0.000183525996308165,0.000591758440423291,0.000373060046740648,0.0352036123722792,0.00542823184048757,0.0137075502658263,0.0192408156208694,0.00155063739921373,0.00686616614460945,0.000677497175720419,0.000229671300767222,0.0229418634809554,0.00110654450138099,0.0002560859431469,0.00387352778110653,0.000265696617811516,0.00361190603478462,0.00462129635503516
C>A,CCA,0.000483705669321357,0.0014088395179715,0.00010829926044257,0.0930306598544121,0.000231317771651259,0.0242028540186584,0.0159969637729228,0.000561392212734175,0,2.3744556981759e-05,0.000226829649841428,0.0843606457859278,1.47844852825632e-05,1.21725599683487e-05,0.0135576399229467,0.00139304964803159,0.00125976475097655,0.0052163509989623
C>A,CCC,0.000158031970747357,0.00111418386746664,0.000306766811768877,0.0981865210831165,0.000573933087030751,0.0260213497839868,0.0050336840938591,0.000499692839961073,0.0281222511455417,0.00168055746966274,2.22665031991016e-05,0.0123872742131101,0.00184274753672071,0.00135657316306606,0.00315591546008363,0.000480268212304509,0.00430403196232906,0.000121908994106314
C>A,CCG,5.81230778777826e-07,0.00032162068557227,0,0.0295535877719522,0.00583954643225297,0.000160695956323513,0.000235372545212159,0.000802233210270231,0.0035902166320011,9.57682700792262e-05,1.80340430461001e-05,0.012618904998526,0.00175028879661113,0.000328048907467746,0.000252515716347261,8.72183005817817e-10,0.000354823251485841,6.70296256430447e-06
C>A,CCT,2.59900479063477e-05,0.00157585397842922,0.000504651788262883,0.087170647457242,0,0.00523657128680497,0.00784880496095866,0.00032534057070734,0.0858900272101164,2.34617572029094e-05,1.2186588679457e-05,0.0290475617721677,0.0126272375416011,3.19018501864839e-05,8.18227078980272e-09,2.75813634154076e-09,0.000684837334010236,0.000180414791048329
C>A,GCA,0,0.000478555437875912,0.000144993697920127,0.0268282247428858,0.0110741665400565,0.00556380567373708,0.0129859415092566,0.00402399742367706,0.00103581808361923,0.000873921179372701,0.00111542909231503,0.141444753855467,0.000271230721230762,0.00262820786912926,0.000188865309204976,0.000442618639790453,0.00249309296963446,0.00730737593024969
C>A,GCC,0.000213273604051048,5.6597258662805e-07,0.000167046023217075,0.0434647711943822,0.00958939722273499,0.010985319847241,0.00945317585021257,0.0084807938792801,0.00441325024235994,0.000409796977019159,2.67358961025366e-06,0.0179163315147161,5.27153533039986e-05,0.000769635296019262,5.04102204399321e-05,0.000184658429152478,0.0018183530067472,0.000445890920891824
C>A,GCG,1.078800351067e-05,3.6154584942949e-06,0.000104897241699291,0.017923089498654,0.00387802821118385,1.87053208674305e-05,0.00215809675457422,0.00168918055730499,0.000365637401664571,0.000714385841274634,7.68192481859908e-05,0.00829493193887174,1.40338870551204e-07,0.000142978774151743,2.19612578879946e-05,6.13014224102348e-05,8.37862841445514e-05,0.000895244636976713
C>A,GCT,0,0,0,0.0186754215648398,0.00433885388192721,0.0109897318296134,0.0090331491548568,0.00500768427853473,0.0110691650491208,5.73112683241561e-06,0.000494922434736509,0.0806591678410769,0.000244197828905035,6.84744375426051e-06,0.000103754971073251,0.000196064171191193,0.000330189678385544,0.00385531636537053
C>A,TCA,0.000296592634667832,0.00236540807061829,0.000544234715956848,0.0402413231693208,0.000507050377213711,0.000887554903554193,0.0379417337104678,0.000742896539815181,0.00131673449475784,2.96443225710335e-05,4.47637454453798e-05,0.0870827621221542,0.00171689205162693,0.000207336018884767,0.0106716018449515,0.0788238310068846,0.00375928744741747,0.00372252203441653
C>A,TCC,0.000387610995970603,0.00353439830709249,0.000308305976674715,0.0512971682474017,0.0058856459184608,0.0153294006548822,0.0262753249891102,0.00165476084092536,0.00256930073490366,0.00212378370226361,0.000193008792662131,0.0489402418211103,0.0133257670141757,0.000729073336187867,0.00802402491681278,0.0313837464526296,0.00102578668476756,1.52855971828131e-05
C>A,TCG,9.46828712521608e-06,0.00019647504981549,3.69235737707641e-06,0.012076431075111,0.00350014324008953,9.79637069511383e-05,0.00341469665174373,0.000346516445255028,2.1490762346333e-05,0.000467741431157265,2.40825835345515e-05,0.0151975874137133,1.68122067407239e-06,4.25324269832617e-05,0.000158376862871661,0.011290377182886,0.000407703424686501,1.1522467830224e-05
C>A,TCT,0.000484326781697746,0.000898277360538486,0.000899915283516748,0.0340208646887913,0.00776457218918949,0.00468437659088522,0.0276076195668429,0.000424183661610554,0.0182485318183899,0.00184196350578128,0.00276078408816829,0.156852743029594,0.00360885388217866,0.00123226086710929,0.00109452267584857,0.0352041425183415,0.0102266598236381,0.00551976877672132
C>G,ACA,7.22075944312335e-05,0,0.000181530493913112,0.00692939918953925,0.0120526959933341,0.0307560161501169,0.0136374932061881,0.00392352671024128,0.00460235792212188,0.00225114152417518,0.000268576645976282,0.00097229878861981,0.000821017499110894,0.000614986103028059,0.0012097913416801,0.003484582582023,0.00459534257213818,0.00377343348256548
C>G,ACC,1.76933937244008e-06,3.51274129570811e-06,0.000137521455053502,0.00245799507320044,0.00502455147216097,0.0186851410102099,0.0114429978001863,0.00242140918577221,0.00163837659289129,0.000981639156543039,0.00010628264371037,0.00359814182622358,0.000458960435571498,0.000430949036635866,0.0025915504898876,0.000876835026574554,0.00165048552519594,0.00272008052328602
C>G,ACG,4.01650953049837e-06,0.000632188242452685,2.12564114008273e-07,0.00132695987413172,0.00240826651570387,0,0.00408073838800192,0.000593697913807327,0.000479411219712347,8.05880261796656e-06,4.36277879020794e-05,0.00233667496708222,0.000326812797902676,0.000490559157187818,0.000691683830227703,0.000308707825624879,0.000333463651473949,0.00114787437283667
C>G,ACT,1.62379631866886e-05,4.9322653004147e-05,0.000360378653768093,0.00289980318339076,0.0104411318758503,0.0254850483126938,0.0208817470818758,0.00331980108264361,0.00498318364843726,0.00156030670885229,0.000105273048964726,0.005421536071226,0.00223901362740435,0.000397054177956306,0.00384201038163155,0.00432974292663857,0.00350302872616995,0.00398748933046591
C>G,CCA,3.43696672189253e-07,0.00043154493207112,1.49017396944925e-05,0.00907318802317604,0.00715093386592343,0.030234977286309,0.00472088548091243,0.00232338489213362,0.00114259110589046,0.000165663176639334,0.000146512915816857,0,2.54379547641292e-06,0.000659643283688638,0.001569839057629,0.00623344324994832,0.00194647426072345,9.61241031137117e-05
C>G,CCC,1.23935267777053e-05,0.00109600170631893,0.00027756304656578,0.00766216365736909,0.0121407755464315,0.0213208889216185,0.0115482077002525,0.00308243711791874,0.00158097793231718,0.000314915135574953,0.000106786996320807,0.00304960661800578,0.00192909778561443,4.41673300825079e-05,0.000433700002904516,0.000521180341038416,0.00328818552814482,7.46417303497047e-05
C>G,CCG,5.15235768310163e-05,0.000704592546680942,0.000140456591032377,0.00347765308571979,0.00414688118267804,0.00179042764939368,0.00183775351964869,0.000823214758675022,0.000234709252399625,0.000432984969593235,0,0.00460760382935405,0.000293209930059675,0.000480333444575081,0.00142791515623685,4.03734120872498e-05,0.00183066174558917,1.95802715734482e-05
C>G,CCT,5.46999635935208e-05,0.000765165939810686,1.99143682592329e-05,0.00707907215692103,0.00811798191163689,0.0335286615043879,0.0175702798552811,0.00483339254671591,0.00163315174984746,2.40973208021775e-05,8.1748671231594e-05,0.00381857665022835,0.00447639182209969,3.84742675734839e-05,0.000548202935588051,0.00662960933987051,0.00126525419043901,0.00206158635890461
C>G,GCA,1.91001982913086e-05,5.16041921535742e-06,4.18214252539517e-05,0.006030481524067,0.00474993776762858,0.0197753400355577,0.00300974417736691,0.0013140941898763,0.000786511731203063,0.000240538967240973,2.30511306199332e-05,0.000501489599261306,0.000163143300524098,0.000931023739976808,0.000333570881484775,0.00141505405539647,0.00205768079140853,0.000518074379011679
C>G,GCC,1.68715034305933e-06,0.000322666012216359,8.0760107856591e-05,0.00662416961975396,0.00553060167003423,0.0128246710915118,0.00604055103845894,0.00227891140668362,0.00202250156085938,0.000674973684960774,1.17175956644042e-05,0.00059563874037172,0.000630986813339405,0.00138682633987628,8.31691172729056e-05,0.000468144760234281,0.00367694077674969,0.00215620609058533
C>G,GCG,1.40981134376972e-05,0.000410240996570792,6.66158302725015e-06,0.00392646699445322,0.00198902091709897,0.00342051189159974,0.00088860659951024,0.000196147855696071,0.00028166833697469,0.000262395721598453,4.68751303572139e-05,0.000371183002501818,0.000122547588075579,9.32781329311183e-05,0.000597264303069096,0.000196747264170085,0.000413049505145366,7.17268084736134e-05
C>G,GCT,6.03675661636771e-07,0.00031910604739096,8.11646002349866e-05,0.00285057901723576,0.00804988100193441,0.022379347588867,0.00580793983303011,0.00295664270804991,0.00244005254702643,0.000270028537680723,2.88630962286873e-06,0.000852502293437283,0.0013258135295473,0.000588828783656936,0.000991121965635102,0.00299223446752876,0.00312807565060211,0.000985270487030094
C>G,TCA,0,5.85308276316843e-05,3.44326025823661e-05,0.00169272065890254,0.00163081016283013,0.0132575412280858,0.00207300988458251,0.00413868575234545,0.00154948321025072,1.93612900694608e-05,0.000122862805635916,0.0019414384490677,0.00185138970031403,0.00333886004053056,0.00377511874539778,0.301201334297657,0.00496441907074768,0.000804279871463576
C>G,TCC,7.15174780843237e-37,0.00155877081910148,4.81679307995364e-07,0.00528279162943363,0.00379116352763958,0.0287671659886837,0.0151616843882948,0.00463032343424857,0.00149188001756556,0.000280274723733361,5.70810944736877e-06,0.00415403621038422,0.0045879684202373,0.000640755950662424,0.00023750519398164,0.0666458564251661,0.00234466763272,0.00301738665177254
C>G,TCG,0,0.00028773098194506,1.1255190155454e-05,0.0022255982097704,0.00258065993664786,0.000111775990087393,0.00212719069095328,0.000717457356804516,0.000329657014917757,9.6868202657916e-05,2.19753518615915e-05,0.00123465876036789,0,0.000420528739341535,0.00106765737291425,0.0139682715106756,0.000151036731882003,2.74572406126545e-05
C>G,TCT,0.000507236161065521,2.51749703625492e-05,1.75742495750027e-05,0.000674882540024642,0.00262498274853125,0.0249945975840092,0.0138434862811118,0.0125633631350154,0.00283030710052117,0.00239074563956819,0.00145472448784858,0.000194089867926704,0.013702652938664,0.000642494780446894,2.27251288285523e-05,0.383638459444046,0.00437158439299814,0.00380802499785204
C>T,ACA,7.10946609810819e-06,0.000806759126280667,0.000426717127843371,0.00815525134559721,0.052559864744544,0.0128858314072704,0.0271160679124296,0.0106362679414451,0.0886949169635773,0.0244401471503079,0.00166116700042039,0.00638786356896162,0.00193798895692453,0.00260031357873231,0.0030489469668828,0.00822649232111871,0.0109046422495521,0.00874568248167634
C>T,ACC,0.0224389160331339,0.0399666706845164,0.00191223260131665,0.00377139137126505,0.025778573025018,0.0154838427668437,0.0149595938250422,0.00431467754415679,0.0206813273392618,0.00541128696873784,4.85400758865495e-05,0.00347877673571929,0.00838221678510308,0.00244792246143334,0.00513768691278528,0.000125509221262498,0.00212118847487626,0.00210281496252264
C>T,ACG,1.73275950155219e-06,0.000594304927217308,7.24798562906086e-06,0.00202836158568971,0.000308749962955118,0.0064528283290565,0.00687569106230512,0.000411979716959119,5.63093114655719e-05,0.368502590060234,0.00525788647200409,0.000553425885736942,0.000171975254600891,0.000194956604391447,0.00104960204161793,0.000105863985183721,0.00151741199950439,0.000242928943330678
C>T,ACT,0.00863729378208518,0.012061367072165,0.00396885317051783,0.00311397110112011,0.0382073677144945,0.0132324031437747,0.0235979213193059,0.00354769694104544,0.027950465939939,0.00971224647480994,0.00080273484782083,0.00806648658588529,0.00808823137544096,0.00106159125673003,0.0286578649654984,0.000255923826965494,0.00298706559099402,0.00890986728016287
C>T,CCA,0.0620629345625639,0.123765083923936,9.1930499497059e-05,0.0141735488828272,0.0121369673404843,0.0150796239287592,0.0246100207604468,0.00758452098467391,0.00422610998735763,0.00357220822479576,0.000394096887293927,0.00703709125518799,0.00513470603618771,0.00174472666112706,0.0500955134630203,5.77844368623464e-06,0.00461707776512572,0.00539597558556125
C>T,CCC,0.0607900320738554,0.220157772451639,0,0.0118660062644631,0.00687659265839163,0.0181641711457632,0.0154360566660762,0.00720527420058124,0.00495223110180652,0.000182286179721053,0.00012948640778518,0.00227871939307696,0.00566645368468016,0.00188737819815287,0.000563489440901257,2.61068291203619e-05,0.00700693883451346,0.000133196220627605
C>T,CCG,0.00653239291976206,0.0251391889341176,0.00329665926285088,0.002673345268704,0.0269810526631773,0.00337321657920256,0.00304708864248823,0.00292204161255824,0.0115811294130981,0.188026961386204,0.00636679235845804,0.0146385796926916,0.00986849996261299,0.00247914312960347,0.00489388045854867,0.00200428351294249,0.00632360081323521,0.0113707989035174
C>T,CCT,0.0693379102274776,0.149143196195364,0.000787647493052675,0.0189929528348148,0.0185389970894903,0.0255698039103299,0.0226694662310183,0.00559736665454693,0.00709541989024729,0.000123301583289795,0.00026154873188716,0.00127207946222527,0.0254559297859669,0.00209209016466048,0.0101062979339622,0.000609680010229567,0.00626959381174345,0.00162251214342967
C>T,GCA,8.29325419050647e-05,0.000220227437109143,6.67942125682017e-05,0.00288275590748526,0.0263935238681734,0.0204170526191592,0.0145195373333991,0.00786639604563358,0.0855987583100796,0.00379659483674914,0.000196268976553352,0.00652476411079988,0.00011231208001868,0.0024527329870034,0.000731972591056799,0.00772947628516704,0.0031642898049995,0.00613917521201074
C>T,GCC,0.0132373957522213,0.0295691573619843,0.0017858808474557,0.00324888728406307,0.0314706586487591,0.0144840265926905,0.0101110894232988,0.00579723478062078,0.0736309683322906,0.00136318529951133,9.66678595294446e-05,0.00416171631659381,0.000603911845935809,4.12626475879896e-05,0.00337985984166153,0.000204694307683449,0.00427061184182926,0.00703931827563793
C>T,GCG,4.86480403047271e-06,0,1.34352892497293e-06,6.29256332901132e-26,0.0135220987023786,3.21549260401956e-40,0,0.00298633190690688,0.0533179446682334,0.215714271217585,0.00664596029324457,0.0120624195062555,0,0.00145189152295643,9.61443095130362e-06,0.00210211245517712,0.00118132210855646,0.0108179438335355
C>T,GCT,0.0232975003868341,0.00407392846805124,0.000670461440230086,0.00264399136533029,0.0235741777904332,0.00943313887197344,0.0154151291586459,0.00491617693449371,0.0668609517067671,0.000373215752103638,1.44372540660184e-05,0.00291889900654496,0.00171268586011138,0.00108301618016412,0.0406010475754738,0.00170547090528999,0.00544946859765332,0.00395536159572657
C>T,TCA,0.12420305488564,4.23396589375422e-26,0.621163454055786,0.00295056039933115,0.00164771486387523,0.000197923319094366,0.0362148693669587,0.018806695273622,0.0019018445243809,0.00133002447861948,6.75563876507773e-05,0.00565259573660971,0.0187052788492292,0.000287932786706761,6.04807891488688e-05,0.00217379394962217,0.00456886628916659,0.00158814090359059
C>T,TCC,0.463686627149582,0.150811531245708,0.0589403198508287,0.00654978659003973,3.50297874815931e-19,0.000952688039113722,0.0147205361198075,0.043504785025785,9.27646329556872e-05,2.07047922105715e-05,3.70915156412594e-05,4.07014653319493e-06,0.0142476150533184,8.37361425711385e-09,0.0881946966797113,0.00188003273521568,0.0337838739389554,0.000144646205590107
C>T,TCG,0.0941776305437088,0.0582372793182731,0.04795196457766,0,0.0212667916808277,8.42445762827992e-06,4.97388087315165e-42,0.00235386992856929,0.000275318212025019,0.100994968786836,0.00338785017142072,0.010147559682373,0,0.000393727621012769,0.00578483528341233,0.000873988011964759,0.00465429102154741,0.00358879223435799
C>T,TCT,0.027471732231132,0.0928503013818677,0.241705192772745,0.00571420004651964,0.00809796038316563,0.00231294852416138,0.0199809666706366,0.142317837137479,0.00388841597512033,5.05986773104767e-05,0.000413024472037833,0.00017247790710559,0.000701045722459655,0.00145339574161847,0.0312171110192779,0.00321350204097217,0.0801347428545853,0.00424113612278703
T>A,ATA,0.00255566354142502,0.00221365342498757,0.000255579035986514,0.00500250284036156,0.00969242960214615,0.00176621027848124,0.00982560297008604,0.0054669805026424,0.00513295377604663,0.00119806520902785,6.30868379437466e-05,0.00104974549321923,0.0130682928301394,0.00104768315504771,0.000381503622293245,6.32789213432565e-06,0.0479989261915651,0.00175552431457618
T>A,ATC,0.00049999431867036,0.000349771018736647,0.000894088242348516,0.00328912163618952,0.0100062668509781,0.00940341150388122,0.00473255140706897,0.00576309072668664,0.00265618953621015,0.00342651421204209,0.000263206963727498,0.00028787344609564,0.00299232447054237,0.000607350798245534,0.0015712114260532,0.000300726938944535,0.00803322089486755,0.000769390404818751
T>A,ATG,0.000712337029690389,0.00169867854798213,6.82452085429362e-05,0.00928156763431616,0.014302515629679,0.0103852075524628,0.0087742704199627,0.00374270489412424,0.00178113647620194,0.00130713097867556,0.000111305143582285,0.00179668393742759,0.000120961908233718,0.000309519297225058,0.00287921665702015,0.0010597962475731,0.042115919452193,0.00130306024002493
T>A,ATT,0.00398433368420228,0.00870130263734609,2.67675993698098e-05,0.0040942968078889,0.0016495826146986,0.00103717116398971,0.00850585764041171,0.00814354810452528,0.0295942557603121,0.000281227480209353,0.000504512322659139,0.00389456806704402,0.0638708050176501,0.00120012331026373,0.0322054037824273,0.000803487038065214,0.00599110275758032,0.0246563318376465
T>A,CTA,0.000198524872146208,0.000595239474496339,0.000141436127977695,0.00489105904603234,0.00290639313810971,0.00459368862509905,2.96363472067393e-30,0.00128616794689229,0.000458924305683156,3.33795533544886e-05,2.42717603305212e-05,4.81748709401129e-05,0.00342382482951507,7.59918850072195e-05,0.00190351619035937,0.0001490104000887,0.08638989783207,0.000169446757718106
T>A,CTC,1.95762064922669e-05,0.000752289201773237,0.000450869773685554,0.00653189773322083,0.00161587230451829,0.0187843043450266,0.00541581779019907,0.00274868888268931,0.00288931725081056,7.14772633698184e-05,0.00173294991604052,0.00196377591346391,0.0142259352095425,0.0389208548888564,2.34563999546021e-05,0.000261954587930511,0.0538060971858795,0.000683868929487869
T>A,CTG,3.75465447543633e-05,0.000408195738168897,0.000229820431443601,0.0198960149660707,0.00197027800921131,0.00614513451306375,0.00216401313708047,0.00131015446240873,0.00094733136441036,0.000475492716378771,0.000314592666891258,0.000669705896775556,0.000137728238792304,0.0115555152483284,0.00178711663989816,0.000473867967630213,0.144379690128635,0.000385790819109561
T>A,CTT,0.000321411911863834,7.79026059365281e-29,0.000411334347541932,0.00834043106995523,3.36374615363567e-05,0.0097638806886971,0.00689111445099115,0.00015074721275596,1.94090815471778e-14,8.02494785602903e-06,0.00719766442663968,0.000770250057757225,0.047523298971355,0.0720103882998228,0,0.000459411093979725,0.0468564294651151,8.32413746684324e-05
T>A,GTA,0.000424718059075531,0.000339338026897167,0.000387610587055337,0.00653297178912908,0.0036482548317872,0.00780712985899299,0.00171180057310266,0.00194825605714868,0.00177557001356035,7.62134400402615e-05,0.000154243906472402,0.00118457276257686,0.00165474492474459,7.80593255125704e-05,9.88662461693193e-07,1.61006625603477e-06,0.0320129190515581,0.000871724599201116
T>A,GTC,0.000243494256828853,9.98768265730199e-05,0.000189513460939026,0.00266327992081642,0.00228522894205526,0.0105354770459235,0.00273202863987535,0.00168626913025946,0.00266461353283376,1.90622137324681e-05,0.000337459067231976,0.00214884282788262,0.00263920489465818,0.00295457156607881,0.000164084437449219,0.000225964899195787,0.00922283208980052,0.000368653677016762
T>A,GTG,0.000243074570462341,0.00053070988797117,0.000218372096118382,0.0135275328438729,0.00297115137567744,0.0152724159602076,0.00218674132580338,0.00195922985473771,0.00284168888349086,9.34814930824731e-05,0.000182399713703489,0.000892080876401451,2.42074129346292e-07,0.000552105326351011,0.00121532832621597,6.96117994448287e-05,0.0218559903844653,0.000480559999487017
T>A,GTT,0.00036382577913173,9.03582129375573e-05,0.000129429879057174,0.00531471649650484,0.00088996969024319,0.0160559869650751,0.00312042853067396,0.00085405056096121,0.00352530306205153,0.00013485991821479,0.00152435368043371,0.00291543375933543,0.0205932362750173,0.00493251689244062,0.00769422532990575,0.000592270555498544,0.00573969975142973,0.000725871557154254
T>A,TTA,0.000120917562612874,0.00226964767207392,1.2609196683151e-05,0.0026149750955861,0.00423464388819411,0.00183139318352769,0.00484260428861633,0.00914566160692268,0.00547707869671285,0.00857990719843656,0.000781425237801159,0.00980794965289533,0.0232817144412547,0.000406207993296237,0.0136815504264086,0.000305198540041474,0.0604873881406093,0.0511542634654325
T>A,TTC,0.000221133950999501,0.00221610352979042,0.000256797755894508,0.00197705153172137,0.000740974099017623,0.0109607191942632,0.0127744852472097,0.00558190749690315,2.70013430501616e-05,5.49040430996574e-05,0.00024402192546404,0.00172828728100285,0.0363081293925643,0.00548441346734762,0.000945142767159268,0.000438500197560643,0.0193237883233816,0.00354916156560648
T>A,TTG,0,0.00154124008840881,0,0.00687688569538295,0.00543317427160218,0.00461498829303309,0.00583945059683174,0.00287122925103176,0.000844338746392168,0.000314935462522844,5.37116628098189e-06,0.000937204510555603,0.0134115289989859,0.00160738502512686,0.00454364485573024,0.000103800480199173,0.0366871472634375,0.00256506893521873
T>A,TTT,0.000374529781753422,9.55426221202174e-06,0.00162657747161575,0.00479837100021541,0.00220104524799642,0.00183322001233189,0.0145719269989058,0.00525985092664934,0.0126350373215973,0.00181558448995929,0.00155435460270382,0.000637659173787238,0.259760400056839,0.00249942984489845,0.025804173797369,0.000101261186881077,0.00956879305491317,0.00613403329625744
T>C,ATA,0.000359527989575462,0.000584616615342384,0.000592821958321287,0.00641586639452726,0.0916075470298529,0.0132682461664081,0.0291617538407445,0.0545943702055956,0.023641314804554,0.00103301616460857,0.000283785728788644,0.000267186170835938,0.00081399650338426,0.000401675532306099,0.00420308105414733,0.00182889420771971,0.0230084428598606,0.000799255959996571
T>C,ATC,1.84878394000977e-05,0.000324804049960221,0.000600025758321863,4.41527738125968e-05,0.014849406182766,0.00742189278360456,0.0106032198760659,0.0299969482424422,0.00437407431891188,0.00375573768047616,0.000148021249338011,0.00264925503521226,0.000392188466576945,0.0120294032990932,0.00448454844532535,0.000369538036288759,0.00236733573838137,0.000181597268426149
T>C,ATG,2.48444266062892e-05,0.00128186849411577,0.000398486381837149,0.0047547132615,0.0605934458225966,0.00909092315398247,0.0241811942495406,0.0540187592466828,0.0350876636058092,0.000334732036662444,1.55436513523455e-06,0.0025604685570579,0.000453459620584908,0.000936458937649149,0.00948243543040007,0.00056428713411151,0.00759963654811145,0.000278427302997932
T>C,ATT,0.00067237802715681,0.0019325406185817,0.000495607552416769,0.000820370103884718,0.0626794830337167,0.0183480137120932,0.0275150028243661,0.0479554369970762,0.00368079029125938,0.00626811462687329,0.000240528512964874,0.00468818346504122,0.0026017374091316,0.00943925827741623,0.0476259604841471,0.00169774169800803,0.00286327790212137,0.00455133934505284
T>C,CTA,0.000487549835670507,0.00131766507984139,0.000147747970605946,0.00509040180593729,0.0127281039650552,0.00747917410335504,0.0154342775512487,0.0302569935494103,0.0142228452768177,0.000520187979799376,0.000406780166958924,2.82690799908725e-07,0.00733652212191373,0.0110248602181673,0.00932943267282099,0.000196516257167332,0.00513489660632331,0.00170943639117468
T>C,CTC,0.000239788818432299,0.000688461414247286,9.6574404447714e-06,0.00169820606184658,0.00582060672296082,0.0118153139669448,0.00715651092585176,0.0215408461454014,0.00225541758993813,0.00314042863668874,0.00155650180271242,0.00283261117874645,0.000187462148124276,0.173942066431046,4.18169016575121e-05,1.13206334935967e-05,0.00205511559041058,0.00251870640494108
T>C,CTG,0,0.000398804994911188,0.000166228051220633,0.00551970769651234,0.0289236154407263,0.00597522106589167,0.0110402169730514,0.0255253002117388,0.0339153642207384,0.000348824124170471,0.00176960625860374,1.96364290604834e-05,0.000577827318520641,0.093030104637146,0.0014811786741484,0.000122831844193334,0.0036578099730832,0.00126098932750345
T>C,CTT,0.00172283849155065,0.00786993759218603,0.000198927256135167,0.000887600748144119,0.0141923623112962,0.000913196217237422,0.00158593188573758,0.00920607209832214,0.00525994578376412,5.03621612102565e-05,0.00689260968705639,0.0043881598697044,0.027525962870568,0.416018064618111,0.0321036440506578,0.000127872793018469,0.000818273564966771,0.0012383158638182
T>C,GTA,5.77753285451144e-05,0.00010378761977175,0.000164520681494859,0.00260949855903164,0.0113896836177584,0.0098071055355831,0.00459110073163174,0.0452789716437909,0.024447659663856,0.000466712298409982,1.47594978677734e-05,0.000106090015154067,2.86623937427066e-06,0.000234250407633703,0.000783628263770001,0.000137730320184346,0.00387929511052789,0.00109900909032149
T>C,GTC,8.01371423208608e-05,6.96211100922883e-14,9.29900994725919e-05,0.000477133071368076,0.00895494752563536,0.00643721234286204,0.00496162545401603,0.018551130907581,0.00142685543578241,0.0022654553304892,0.000975794830010273,0.00283837348804809,0.000159092093692553,0.0142354341596365,0.00198231679387391,0.000234019663192839,0.00327615448411962,0.000614212661073879
T>C,GTG,1.6958743191619e-05,0.000476941180531867,4.61723046207697e-05,0.00184153734880965,0.0178903906792402,0.0124118184437975,0.00349430820861016,0.0297117589449772,0.0188704123720527,0.00145354798296466,0.0011185489007039,0.00498222165275365,0.000266447138619697,0.003950110161677,0.00250530698802322,0.0002265899035865,0.00290781472802337,0.00110269468439585
T>C,GTT,0.000288936821686059,0.00683990699293815,0.000250457364527754,7.21902900251244e-05,0.0064840964587662,0.00225139342915811,0.00248650969467663,0.0210462833810942,0.00828992678407303,5.07175391872965e-05,0.000547778213583693,0.00200445433747984,0.0056035611173138,0.00490623174700886,0.278827377259731,2.77347654807915e-09,0.0020276064759696,0.00279983183985685
T>C,TTA,0.00222370767500252,0.00505147462012246,0.000642139234781704,0.000944873524521199,0.0115556857392129,0.0125880746811163,0.00323931022033826,0.0574287670255581,0.0210664761066437,0.000254346480681957,0.000687961250077933,0.000170497484364561,0.0370288092084229,0.00110624225009815,0.0675333125144243,3.05073450622473e-06,0.00990635491786917,0.0149141602311283
T>C,TTC,0.000637499852746259,0.0015954362845514,3.1900778901409e-06,0,0.00573784607833211,0.00800169658032246,0.00571827685227618,0.0307721798178762,0.0104269203916192,0.0054110883269459,0.000888257239712402,0.00464728571940213,0.0246488601341844,0.0143154916446656,0.0120504773780704,9.27590094741738e-05,0.000843327179100033,0.0069434152613394
T>C,TTG,2.08095381394977e-05,0.00397557607619092,2.43341135838453e-05,0.000917483395314775,0.0138909427961335,0.00517453343680245,0.00403003960382193,0.0280067253055313,0.017856631949544,0.000486456262153892,0.00108657414326444,0.00263252243516035,0.0151202652789652,0.00208320706733502,0.0209171768650413,1.00803046314901e-05,0.00605348677937368,0.00790345069835894
T>C,TTT,0.000885056293045636,0.00332966767251492,0.000395461435381558,0.00010232067026696,0.0166841388307512,0.0100975106179249,0.000150351042785621,0.0424473681839299,0.0324113059602678,0.00499209392117336,0.000495348246252263,0.000469947912946057,0.0896575252711773,0.0197451692633331,0.0347048528119922,0.000581532477262954,0.00158335869854919,0.00656681155654951
T>G,ATA,0.000456124406046001,8.22207434111988e-06,0.000563719061465235,0.000854247891693376,0.00429015619680285,0.00424636650597677,0.0116604170203209,0.00232196272863803,0.00051801399938995,2.67283922403294e-05,0.00145012118387967,0.000607374619939947,0.0108843198325485,0.000910144427616615,0.00338234494673088,1.40732805932676e-05,0.00181638550785976,0.0100954855140299
T>G,ATC,0.000135258516584145,0.0010985778295435,0.00024062464954568,0.00010694434375182,0.00211987600865541,0.00263084029313177,0.0118451624922454,0.000553724780493283,0.000283762661201763,0.000349597971817275,0.00452136910287663,0.000582544810789045,0.000697233971077367,0.000638763026072411,0.00275627930648625,6.02868093154178e-06,0.000175292881440361,0.0133773465361446
T>G,ATG,0.000199113473245234,0.00153737781569362,0.000213545264423675,0.000853687234339304,0.0112565378658473,0.00850747848395258,0.0129078516643494,0.00294772764138997,0.00123990781488828,0.000514414157097258,0.000949423882411793,0.00260668374365196,0.00042866479060649,0.000932163328980096,0.00991205129772425,5.63696764659088e-06,0.0042694331810344,0.00874895382672548
T>G,ATT,0.000308230569789885,0.000310910722782866,1.79771928610249e-05,2.32654148642375e-06,9.48450509417863e-05,0.000678065931109464,0.0281831359211355,0.000414171833124694,0.00133682129860972,0,0.0660754501074552,0.000189319000543834,0,0.0120940452255309,0.0123835621774197,0.000266798669560044,0.000782646781717507,0.0795590043440461
T>G,CTA,7.22342725703129e-05,0.000402290767960949,3.49670923174017e-05,0.000411085810583245,0.00217436189530417,0.00684298464097083,0.00355250793043524,0.00160015786008444,0.000718653611838818,3.16897624088597e-05,0.00192885191529058,4.86239429966481e-05,0.00355164469452575,0.00048763983140816,0.00095862832153216,6.12467914677417e-05,0.0037725781815243,0.0120683701056987
T>G,CTC,6.34856979559118e-06,0.000957941081142053,0.000299321003640217,9.4883372933124e-05,0.00453335856785998,0.0101820494048297,0.00497112274868414,0.00166265730964369,0.00295071195578203,0.000380434556546175,0.0312126996740699,0.00209152421331964,0.00565088606439531,0.00180447792517953,7.22278290606998e-05,0.000109860470746054,0.00084887106538428,0.0150854575913399
T>G,CTG,0,0.00111061494681053,0,0.00297625099541619,0.00672872356604785,0.0163062751013786,0.00466151607455686,0.00202635698253289,0.0039564523124136,0.000193831079133525,0.0137966641411185,0.00319505661493167,0.00146254311082885,0.000298396572881375,0.000198708032321148,0.000173630363325513,0.00664342874661088,0.00834804810583592
T>G,CTT,7.67567053117091e-08,0,2.42127244250101e-06,0.000887594102241565,0.00519834664417431,0.000996988841265017,0.00122464617878525,0.000927854906327671,1.56407501557864e-05,0.000668447168212426,0.554367518424988,0.00240744988019417,0.00289340432966128,0.00222950699075595,3.2240593827737e-06,6.77602978171876e-10,0.00172342812250348,0.023174826699685
T>G,GTA,8.88913525795948e-05,0.000231104170161416,8.40684166970959e-05,0.000295762191633457,0.00274114827625453,0.00694113929290324,0.00276806335197762,0.00170846593820897,0.00047584081417881,0.00013813573261209,0.000345401365630096,0.000726807045866735,0.00250094650778919,0.00074555832601618,0.000154689753487673,3.70597613974155e-05,0.00200782776460983,0.000659277920072362
T>G,GTC,0.000113818556183105,0.000332123118569143,0.000106574816041652,8.19576297272055e-05,0.00215586229925975,0.00311091795447283,0.003475936523173,0.000749648313503713,0.000374329028563807,7.13269879898349e-05,0.00603701531421393,0.000119028076797645,0.00134750384837389,0.000266135356541781,3.71994422576821e-05,0.000147605282463701,0.00104160199567559,0.000376617793967462
T>G,GTG,0.000215539629462001,0.00288924342487007,6.03483238550168e-05,0.00169741389865521,0.00550220801495016,0.0167425188235939,0.00238350782005328,0.00180606143619163,0.00107935170584824,0.000728620945374134,0.00143414167221636,0.00668499335180968,0.00583710864651948,0.000712335570715368,0.00412620661081746,0.00116809381113853,0.00207443847764807,0.00255742782610469
T>G,GTT,0.00106641338614281,0.00197131972643547,9.58272590362441e-05,8.85331353664822e-06,1.69704623228928e-05,0.00556389862671495,0.00236944988952018,0.000104688645278803,0.00287722219247371,0.000327017862579188,0.121595944389701,0.00110105394567654,0.00663910755887628,0.00606122130528092,0.00665284378919751,0.000146121009032757,8.75540109265176e-05,0.00350368868479109
T>G,TTA,0.000140592116586049,0.000460683357086964,1.64106071496e-05,2.56848663502751e-05,0.00483955555129796,0.00872107963077724,0.00751983516849577,0.00480302772142279,4.6896997953698e-06,0.000143464001788055,0,2.04022862106519e-06,0.0231698115728796,0,9.63497235668515e-05,0.000272836565898522,0.00415200411458504,0.0502502762898803
T>G,TTC,7.76519320687896e-06,0.00126206273736898,6.78598200439401e-05,1.19501879254358e-06,0.00694350723177195,0.00705766145139933,0.0161930123437196,0.00380459390100441,0.000681337118585361,0.000562869988686235,0.00855757374316454,0.000997326160722878,0.0170939956605434,1.16771944733033e-05,0.000514162511402634,0.000296326023545254,0.00103982432991415,0.0393054022267461
T>G,TTG,0,0.000913704977137968,3.07430805697703e-06,0.00179981559165753,0.00889943778514862,0.0117963705118746,0.011349972859025,0.00289358535475913,0.00213766374043189,0.00122832903405651,0.00451475027482957,0.000578672140472918,0.00871998697053641,0.00138949388288893,0.000572117748779419,7.1874199420563e-07,0.00604718031332595,0.017797382120043
T>G,TTT,1.71921249556174e-05,0.000245445490125392,0.000200526776186722,0.000190412532211372,0.00342246121551194,0.00900318505882751,0.00286829391447755,0.00716258880147024,0.00729992484266404,0.000865252692034205,0.11666834615171,3.60497235707197e-05,0.018286754693836,0.00586050375830382,0.000335716256189179,1.38783384784347e-10,0.00182601593714588,0.429799231588841
